Lake,Date_Sampled,Results,,,,,,,,,,,,,,
Kegonsa,1975-01-01,22.5,,,,,,,,,,,,,,
Kegonsa,1975-02-01,27.5,,,,,,,,,,,,,,
Kegonsa,1975-03-01,22.5,,,,,,,,,,,,,,
Kegonsa,1975-04-01,20.2,,,,,,,,,,,,,,
Kegonsa,1975-05-01,19.2,,,,,,,,,,,,,,
Kegonsa,1975-06-01,19.0,,,,,,,,,,,,,,
Kegonsa,1975-07-01,20.0,,,,,,,,,,,,,,
Kegonsa,1975-08-01,20.5,,,,,,,,,,,,,,
Kegonsa,1975-09-01,21.5,,,,,,,,,,,,,,
Kegonsa,1975-10-01,21.0,,,,,,,,,,,,,,
Kegonsa,1975-11-01,21.3,,,,,,,,,,,,,,
Kegonsa,1975-12-01,21.3,,,,,,,,,,,,,,
Kegonsa,1976-01-01,21.5,,,,,,,,,,,,,,
Kegonsa,1976-02-01,23.5,,,,,,,,,,,,,,
Kegonsa,1976-03-01,30.0,,,,,,,,,,,,,,
Kegonsa,1976-04-01,21.0,,,,,,,,,,,,,,
Kegonsa,1976-05-01,19.0,,,,,,,,,,,,,,
Kegonsa,1976-06-01,21.5,,,,,,,,,,,,,,
Kegonsa,1976-07-01,22.0,,,,,,,,,,,,,,
Kegonsa,1976-08-01,22.0,,,,,,,,,,,,,,
Kegonsa,1976-09-01,22.0,,,,,,,,,,,,,,
Kegonsa,1976-10-01,23.0,,,,,,,,,,,,,,
Kegonsa,1976-11-01,22.0,,,,,,,,,,,,,,
Kegonsa,1976-12-01,25.5,,,,,,,,,,,,,,
Kegonsa,1977-01-01,25.0,,,,,,,,,,,,,,
Kegonsa,1977-02-01,27.0,,,,,,,,,,,,,,
Kegonsa,1977-03-01,24.0,,,,,,,,,,,,,,
Kegonsa,1977-04-01,23.0,,,,,,,,,,,,,,
Kegonsa,1977-05-01,22.0,,,,,,,,,,,,,,
Kegonsa,1977-06-01,22.0,,,,,,,,,,,,,,
Kegonsa,1977-07-01,20.5,,,,,,,,,,,,,,
Kegonsa,1977-08-01,16.5,,,,,,,,,,,,,,
Kegonsa,1977-09-01,22.0,,,,,,,,,,,,,,
Kegonsa,1977-10-01,22.0,,,,,,,,,,,,,,
Kegonsa,1977-11-01,22.0,,,,,,,,,,,,,,
Kegonsa,1977-12-01,25.0,,,,,,,,,,,,,,
Kegonsa,1978-01-01,25.0,,,,,,,,,,,,,,
Kegonsa,1978-02-01,26.0,,,,,,,,,,,,,,
Kegonsa,1978-03-01,29.0,,,,,,,,,,,,,,
Kegonsa,1978-04-01,22.0,,,,,,,,,,,,,,
Kegonsa,1978-05-01,21.0,,,,,,,,,,,,,,
Kegonsa,1978-06-01,21.0,,,,,,,,,,,,,,
Kegonsa,1978-07-01,19.0,,,,,,,,,,,,,,
Kegonsa,1978-08-01,19.0,,,,,,,,,,,,,,
Kegonsa,1978-09-01,18.0,,,,,,,,,,,,,,
Kegonsa,1978-10-01,32.0,,,,,,,,,,,,,,
Kegonsa,1978-11-01,22.0,,,,,,,,,,,,,,
Kegonsa,1978-12-01,21.0,,,,,,,,,,,,,,
Kegonsa,1979-01-01,23.0,,,,,,,,,,,,,,
Kegonsa,1979-02-01,22.8,,,,,,,,,,,,,,
Kegonsa,1979-03-01,24.0,,,,,,,,,,,,,,
Kegonsa,1979-04-01,18.9,,,,,,,,,,,,,,
Kegonsa,1979-05-01,20.2,,,,,,,,,,,,,,
Kegonsa,1979-06-01,21.9,,,,,,,,,,,,,,
Kegonsa,1979-07-01,21.3,,,,,,,,,,,,,,
Kegonsa,1979-08-01,22.7,,,,,,,,,,,,,,
Kegonsa,1979-09-01,23.4,,,,,,,,,,,,,,
Kegonsa,1979-10-01,23.3,,,,,,,,,,,,,,
Kegonsa,1979-11-01,22.5,,,,,,,,,,,,,,
Kegonsa,1979-12-01,22.5,,,,,,,,,,,,,,
Kegonsa,1980-01-01,24.3,,,,,,,,,,,,,,
Kegonsa,1980-02-01,26.6,,,,,,,,,,,,,,
Kegonsa,1980-03-01,25.6,,,,,,,,,,,,,,
Kegonsa,1980-04-01,27.0,,,,,,,,,,,,,,
Kegonsa,1980-05-01,27.0,,,,,,,,,,,,,,
Kegonsa,1980-06-01,24.0,,,,,,,,,,,,,,
Kegonsa,1980-07-01,24.0,,,,,,,,,,,,,,
Kegonsa,1980-08-01,21.0,,,,,,,,,,,,,,
Kegonsa,1980-09-01,23.0,,,,,,,,,,,,,,
Kegonsa,1980-10-01,24.0,,,,,,,,,,,,,,
Kegonsa,1980-12-01,25.0,,,,,,,,,,,,,,
Kegonsa,1981-01-01,27.1,,,,,,,,,,,,,,
Kegonsa,1981-02-01,27.1,,,,,,,,,,,,,,
Kegonsa,1981-03-01,23.9,,,,,,,,,,,,,,
Kegonsa,1981-04-01,25.0,,,,,,,,,,,,,,
Kegonsa,1981-05-01,23.3,,,,,,,,,,,,,,
Kegonsa,1981-06-01,25.7,,,,,,,,,,,,,,
Kegonsa,1981-07-01,25.0,,,,,,,,,,,,,,
Kegonsa,1981-08-01,24.5,,,,,,,,,,,,,,
Kegonsa,1981-11-01,23.5,,,,,,,,,,,,,,
Kegonsa,1981-12-01,24.0,,,,,,,,,,,,,,
Kegonsa,1982-01-01,25.0,,,,,,,,,,,,,,
Kegonsa,1982-02-01,27.0,,,,,,,,,,,,,,
Kegonsa,1982-03-01,26.5,,,,,,,,,,,,,,
Kegonsa,1982-04-01,23.5,,,,,,,,,,,,,,
Kegonsa,1982-05-01,24.5,,,,,,,,,,,,,,
Kegonsa,1982-06-01,23.0,,,,,,,,,,,,,,
Kegonsa,1982-07-01,25.0,,,,,,,,,,,,,,
Kegonsa,1982-08-01,25.0,,,,,,,,,,,,,,
Kegonsa,1982-10-01,25.5,,,,,,,,,,,,,,
Kegonsa,1982-11-01,25.0,,,,,,,,,,,,,,
Kegonsa,1982-12-01,23.0,,,,,,,,,,,,,,
Kegonsa,1983-01-01,24.5,,,,,,,,,,,,,,
Kegonsa,1983-02-01,25.0,,,,,,,,,,,,,,
Kegonsa,1983-03-01,25.0,,,,,,,,,,,,,,
Kegonsa,1983-04-01,22.0,,,,,,,,,,,,,,
Kegonsa,1983-05-01,25.5,,,,,,,,,,,,,,
Kegonsa,1983-06-01,23.0,,,,,,,,,,,,,,
Kegonsa,1983-07-01,24.2,,,,,,,,,,,,,,
Kegonsa,1983-08-01,26.0,,,,,,,,,,,,,,
Kegonsa,1983-09-01,25.0,,,,,,,,,,,,,,
Kegonsa,1983-10-01,27.0,,,,,,,,,,,,,,
Kegonsa,1983-11-01,26.8,,,,,,,,,,,,,,
Kegonsa,1983-12-01,26.0,,,,,,,,,,,,,,
Kegonsa,1984-01-03,29.0,,,,,,,,,,,,,,
Kegonsa,1984-02-01,28.5,,,,,,,,,,,,,,
Kegonsa,1984-03-01,27.0,,,,,,,,,,,,,,
Kegonsa,1984-04-02,24.0,,,,,,,,,,,,,,
Kegonsa,1984-05-01,19.2,,,,,,,,,,,,,,
Kegonsa,1984-06-04,25.2,,,,,,,,,,,,,,
Kegonsa,1984-07-02,25.0,,,,,,,,,,,,,,
Kegonsa,1984-08-01,24.5,,,,,,,,,,,,,,
Kegonsa,1984-09-04,25.0,,,,,,,,,,,,,,
Kegonsa,1984-10-01,27.0,,,,,,,,,,,,,,
Kegonsa,1984-11-01,23.0,,,,,,,,,,,,,,
Kegonsa,1984-12-03,26.0,,,,,,,,,,,,,,
Kegonsa,1985-01-02,30.0,,,,,,,,,,,,,,
Kegonsa,1985-02-04,29.0,,,,,,,,,,,,,,
Kegonsa,1985-03-06,25.0,,,,,,,,,,,,,,
Kegonsa,1985-04-01,25.0,,,,,,,,,,,,,,
Kegonsa,1985-05-01,27.0,,,,,,,,,,,,,,
Kegonsa,1985-06-03,27.0,,,,,,,,,,,,,,
Kegonsa,1985-07-01,27.0,,,,,,,,,,,,,,
Kegonsa,1985-08-01,29.0,,,,,,,,,,,,,,
Kegonsa,1985-09-03,28.0,,,,,,,,,,,,,,
Kegonsa,1985-10-01,26.0,,,,,,,,,,,,,,
Kegonsa,1985-11-04,27.0,,,,,,,,,,,,,,
Kegonsa,1985-12-04,26.0,,,,,,,,,,,,,,
Kegonsa,1986-01-02,29.0,,,,,,,,,,,,,,
Kegonsa,1986-02-03,31.0,,,,,,,,,,,,,,
Kegonsa,1986-03-03,33.0,,,,,,,,,,,,,,
Kegonsa,1986-04-01,22.0,,,,,,,,,,,,,,
Kegonsa,1986-05-01,28.0,,,,,,,,,,,,,,
Kegonsa,1986-06-02,28.5,,,,,,,,,,,,,,
Kegonsa,1986-07-01,27.6,,,,,,,,,,,,,,
Kegonsa,1986-08-04,26.4,,,,,,,,,,,,,,
Kegonsa,1986-09-02,30.0,,,,,,,,,,,,,,
Kegonsa,1986-10-01,28.4,,,,,,,,,,,,,,
Kegonsa,1986-11-03,29.2,,,,,,,,,,,,,,
Kegonsa,1986-12-02,31.4,,,,,,,,,,,,,,
Kegonsa,1987-01-05,30.2,,,,,,,,,,,,,,
Kegonsa,1987-02-02,31.0,,,,,,,,,,,,,,
Kegonsa,1987-03-02,29.3,,,,,,,,,,,,,,
Kegonsa,1987-04-02,30.5,,,,,,,,,,,,,,
Kegonsa,1987-05-04,32.5,,,,,,,,,,,,,,
Kegonsa,1987-06-01,28.8,,,,,,,,,,,,,,
Kegonsa,1987-07-01,28.1,,,,,,,,,,,,,,
Kegonsa,1987-08-03,30.0,,,,,,,,,,,,,,
Kegonsa,1987-09-01,29.4,,,,,,,,,,,,,,
Kegonsa,1987-10-01,31.0,,,,,,,,,,,,,,
Kegonsa,1987-11-03,31.0,,,,,,,,,,,,,,
Kegonsa,1987-12-01,35.3,,,,,,,,,,,,,,
Kegonsa,1988-01-04,31.0,,,,,,,,,,,,,,
Kegonsa,1988-02-02,27.6,,,,,,,,,,,,,,
Kegonsa,1988-03-02,32.3,,,,,,,,,,,,,,
Kegonsa,1988-04-04,26.1,,,,,,,,,,,,,,
Kegonsa,1988-05-02,28.0,,,,,,,,,,,,,,
Kegonsa,1988-06-01,31.9,,,,,,,,,,,,,,
Kegonsa,1988-07-07,30.2,,,,,,,,,,,,,,
Kegonsa,1988-08-01,31.3,,,,,,,,,,,,,,
Kegonsa,1988-09-06,33.5,,,,,,,,,,,,,,
Kegonsa,1988-10-03,33.0,,,,,,,,,,,,,,
Kegonsa,1988-11-01,30.0,,,,,,,,,,,,,,
Kegonsa,1988-12-05,30.8,,,,,,,,,,,,,,
Kegonsa,1989-01-09,35.2,,,,,,,,,,,,,,
Kegonsa,1989-02-02,37.8,,,,,,,,,,,,,,
Kegonsa,1989-03-01,35.4,,,,,,,,,,,,,,
Kegonsa,1989-04-03,33.4,,,,,,,,,,,,,,
Kegonsa,1989-05-01,33.8,,,,,,,,,,,,,,
Kegonsa,1989-06-01,2.6,,,,,,,,,,,,,,
Kegonsa,1989-07-05,35.0,,,,,,,,,,,,,,
Kegonsa,1989-08-01,31.8,,,,,,,,,,,,,,
Kegonsa,1989-09-05,29.6,,,,,,,,,,,,,,
Kegonsa,1989-10-02,34.8,,,,,,,,,,,,,,
Kegonsa,1989-11-01,36.1,,,,,,,,,,,,,,
Kegonsa,1989-12-01,37.1,,,,,,,,,,,,,,
Kegonsa,1990-01-03,37.8,,,,,,,,,,,,,,
Kegonsa,1990-02-01,37.3,,,,,,,,,,,,,,
Kegonsa,1990-03-07,38.4,,,,,,,,,,,,,,
Kegonsa,1990-04-02,34.0,,,,,,,,,,,,,,
Kegonsa,1990-05-01,36.0,,,,,,,,,,,,,,
Kegonsa,1990-06-04,35.1,,,,,,,,,,,,,,
Kegonsa,1990-07-02,35.1,,,,,,,,,,,,,,
Kegonsa,1990-08-01,34.4,,,,,,,,,,,,,,
Kegonsa,1990-09-01,36.5,,,,,,,,,,,,,,
Kegonsa,1990-11-07,30.7,,,,,,,,,,,,,,
Kegonsa,1990-12-05,31.3,,,,,,,,,,,,,,
Kegonsa,1991-01-03,40.3,,,,,,,,,,,,,,
Kegonsa,1991-02-04,37.3,,,,,,,,,,,,,,
Kegonsa,1991-04-01,34.3,,,,,,,,,,,,,,
Kegonsa,1991-05-01,37.1,,,,,,,,,,,,,,
Kegonsa,1991-06-03,37.4,,,,,,,,,,,,,,
Kegonsa,1991-07-02,35.2,,,,,,,,,,,,,,
Kegonsa,1991-08-05,36.8,,,,,,,,,,,,,,
Kegonsa,1991-09-03,40.5,,,,,,,,,,,,,,
Kegonsa,1991-10-03,37.7,,,,,,,,,,,,,,
Kegonsa,1991-11-04,36.9,,,,,,,,,,,,,,
Kegonsa,1991-12-02,34.4,,,,,,,,,,,,,,
Kegonsa,1992-01-01,38.2,,,,,,,,,,,,,,
Kegonsa,1992-02-01,38.0,,,,,,,,,,,,,,
Kegonsa,1992-03-01,34.9,,,,,,,,,,,,,,
Kegonsa,1992-04-01,35.3,,,,,,,,,,,,,,
Kegonsa,1992-05-01,34.7,,,,,,,,,,,,,,
Kegonsa,1992-06-01,35.4,,,,,,,,,,,,,,
Kegonsa,1992-07-01,39.6,,,,,,,,,,,,,,
Kegonsa,1992-08-01,38.6,,,,,,,,,,,,,,
Kegonsa,1992-09-01,38.7,,,,,,,,,,,,,,
Kegonsa,1992-10-01,38.1,,,,,,,,,,,,,,
Kegonsa,1992-11-01,39.5,,,,,,,,,,,,,,
Kegonsa,1992-12-01,37.5,,,,,,,,,,,,,,
Kegonsa,1993-02-01,39.7,,,,,,,,,,,,,,
Kegonsa,1993-03-01,34.3,,,,,,,,,,,,,,
Kegonsa,1993-07-01,39.2,,,,,,,,,,,,,,
Kegonsa,1993-10-01,37.1,,,,,,,,,,,,,,
Kegonsa,1993-11-01,36.9,,,,,,,,,,,,,,
Kegonsa,1993-12-01,38.8,,,,,,,,,,,,,,
Kegonsa,1994-02-22,38.5,,,,,,,,,,,,,,
Kegonsa,1994-03-17,40.5,,,,,,,,,,,,,,
Kegonsa,1994-06-07,38.2,,,,,,,,,,,,,,
Kegonsa,1994-07-26,37.9,,,,,,,,,,,,,,
Kegonsa,1994-08-09,38.0,,,,,,,,,,,,,,
Kegonsa,1994-09-29,37.1,,,,,,,,,,,,,,
Kegonsa,1994-10-13,37.0,,,,,,,,,,,,,,
Kegonsa,1994-11-17,36.7,,,,,,,,,,,,,,
Kegonsa,1994-12-19,37.3,,,,,,,,,,,,,,
Kegonsa,1995-01-01,38.6,,,,,,,,,,,,,,
Kegonsa,1995-03-01,36.1,,,,,,,,,,,,,,
Kegonsa,1995-04-01,35.5,,,,,,,,,,,,,,
Kegonsa,1995-05-01,35.3,,,,,,,,,,,,,,
Kegonsa,1995-06-01,36.3,,,,,,,,,,,,,,
Kegonsa,1995-07-01,36.9,,,,,,,,,,,,,,
Kegonsa,1995-08-01,37.8,,,,,,,,,,,,,,
Kegonsa,1995-09-01,38.5,,,,,,,,,,,,,,
Kegonsa,1995-10-01,36.9,,,,,,,,,,,,,,
Kegonsa,1996-01-01,41.6,,,,,,,,,,,,,,
Kegonsa,1996-03-01,39.3,,,,,,,,,,,,,,
Kegonsa,1996-04-01,38.2,,,,,,,,,,,,,,
Kegonsa,1996-05-01,39.0,,,,,,,,,,,,,,
Kegonsa,1996-06-01,34.4,,,,,,,,,,,,,,
Kegonsa,1996-09-01,38.5,,,,,,,,,,,,,,
Kegonsa,1996-12-01,40.7,,,,,,,,,,,,,,
Kegonsa,1997-01-01,43.3,,,,,,,,,,,,,,
Kegonsa,1997-02-01,42.5,,,,,,,,,,,,,,
Kegonsa,1997-03-01,38.7,,,,,,,,,,,,,,
Kegonsa,1997-04-01,43.7,,,,,,,,,,,,,,
Kegonsa,1997-05-01,34.7,,,,,,,,,,,,,,
Kegonsa,1997-06-01,41.2,,,,,,,,,,,,,,
Kegonsa,1997-07-01,37.3,,,,,,,,,,,,,,
Kegonsa,1997-09-01,48.8,,,,,,,,,,,,,,
Kegonsa,1998-01-01,49.0,,,,,,,,,,,,,,
Kegonsa,1998-02-01,46.6,,,,,,,,,,,,,,
Kegonsa,1998-04-01,41.7,,,,,,,,,,,,,,
Kegonsa,1998-06-23,42.1,,,,,,,,,,,,,,
Kegonsa,1998-07-15,42.7,,,,,,,,,,,,,,
Kegonsa,1998-09-01,41.2,,,,,,,,,,,,,,
Kegonsa,1998-10-08,40.6,,,,,,,,,,,,,,
Kegonsa,1998-12-02,41.2,,,,,,,,,,,,,,
Kegonsa,1999-02-15,43.9,,,,,,,,,,,,,,
Kegonsa,1999-03-04,41.5,,,,,,,,,,,,,,
Kegonsa,1999-05-04,38.8,,,,,,,,,,,,,,
Kegonsa,1999-07-27,36.9,,,,,,,,,,,,,,
Kegonsa,1999-08-30,38.5,,,,,,,,,,,,,,
Kegonsa,1999-09-20,39.6,,,,,,,,,,,,,,
Kegonsa,1999-10-27,39.7,,,,,,,,,,,,,,
Kegonsa,1999-12-07,40.9,,,,,,,,,,,,,,
Kegonsa,2000-01-18,43.1,,,,,,,,,,,,,,
Kegonsa,2000-02-28,40.2,,,,,,,,,,,,,,
Kegonsa,2000-04-28,38.9,,,,,,,,,,,,,,
Kegonsa,2000-05-26,39.1,,,,,,,,,,,,,,
Kegonsa,2000-06-27,36.3,,,,,,,,,,,,,,
Kegonsa,2000-07-12,36.3,,,,,,,,,,,,,,
Kegonsa,2000-08-07,36.3,,,,,,,,,,,,,,
Kegonsa,2000-09-05,37.1,,,,,,,,,,,,,,
Kegonsa,2000-10-30,40.8,,,,,,,,,,,,,,
Kegonsa,2000-11-28,40.9,,,,,,,,,,,,,,
Kegonsa,2001-02-20,45.6,,,,,,,,,,,,,,
Kegonsa,2001-03-22,42.4,,,,,,,,,,,,,,
Kegonsa,2001-04-03,38.9,,,,,,,,,,,,,,
Kegonsa,2001-05-30,41.1,,,,,,,,,,,,,,
Kegonsa,2001-06-26,41.3,,,,,,,,,,,,,,
Kegonsa,2001-07-30,43.4,,,,,,,,,,,,,,
Kegonsa,2001-10-30,42.7,,,,,,,,,,,,,,
Kegonsa,2001-11-29,43.1,,,,,,,,,,,,,,
Kegonsa,2001-12-11,42.9,,,,,,,,,,,,,,
Kegonsa,2002-01-28,45.2,,,,,,,,,,,,,,
Kegonsa,2002-02-28,43.5,,,,,,,,,,,,,,
Kegonsa,2002-03-27,42.7,,,,,,,,,,,,,,
Kegonsa,2002-04-29,41.9,,,,,,,,,,,,,,
Kegonsa,2002-05-30,42.8,,,,,,,,,,,,,,
Kegonsa,2002-06-25,43.1,,,,,,,,,,,,,,
Kegonsa,2002-07-31,44.7,,,,,,,,,,,,,,
Kegonsa,2002-08-26,45.1,,,,,,,,,,,,,,
Kegonsa,2002-09-23,45.5,,,,,,,,,,,,,,
Kegonsa,2002-10-28,42.3,,,,,,,,,,,,,,
Kegonsa,2002-11-25,46.5,,,,,,,,,,,,,,
Kegonsa,2002-12-11,45.1,,,,,,,,,,,,,,
Kegonsa,2003-01-08,44.1,,,,,,,,,,,,,,
Kegonsa,2003-02-19,48.1,,,,,,,,,,,,,,
Kegonsa,2003-03-17,39.2,,,,,,,,,,,,,,
Kegonsa,2003-04-29,46.0,,,,,,,,,,,,,,
Kegonsa,2003-05-29,45.3,,,,,,,,,,,,,,
Kegonsa,2003-06-23,47.0,,,,,,,,,,,,,,
Kegonsa,2003-07-29,42.3,,,,,,,,,,,,,,
Kegonsa,2003-08-27,43.3,,,,,,,,,,,,,,
Kegonsa,2003-09-11,43.5,,,,,,,,,,,,,,
Kegonsa,2003-10-27,43.8,,,,,,,,,,,,,,
Kegonsa,2003-11-24,43.5,,,,,,,,,,,,,,
Kegonsa,2003-12-29,44.9,,,,,,,,,,,,,,
Kegonsa,2004-01-21,46.4,,,,,,,,,,,,,,
Kegonsa,2004-02-18,47.6,,,,,,,,,,,,,,
Kegonsa,2004-03-30,41.8,,,,,,,,,,,,,,
Kegonsa,2004-04-26,43.2,,,,,,,,,,,,,,
Kegonsa,2004-05-12,43.1,,,,,,,,,,,,,,
Kegonsa,2004-06-15,39.7,,,,,,,,,,,,,,
Kegonsa,2004-07-15,43.3,,,,,,,,,,,,,,
Kegonsa,2004-08-23,40.8,,,,,,,,,,,,,,
Kegonsa,2004-09-13,40.8,,,,,,,,,,,,,,
Kegonsa,2004-10-25,41.8,,,,,,,,,,,,,,
Kegonsa,2004-11-22,45.5,,,,,,,,,,,,,,
Kegonsa,2004-12-13,42.4,,,,,,,,,,,,,,
Kegonsa,2005-01-25,46.7,,,,,,,,,,,,,,
Kegonsa,2005-02-23,46.5,,,,,,,,,,,,,,
Kegonsa,2005-03-16,45.7,,,,,,,,,,,,,,
Kegonsa,2005-04-25,41.2,,,,,,,,,,,,,,
Kegonsa,2005-05-23,41.9,,,,,,,,,,,,,,
Kegonsa,2005-06-30,43.3,,,,,,,,,,,,,,
Kegonsa,2005-07-27,45.6,,,,,,,,,,,,,,
Kegonsa,2005-08-23,44.6,,,,,,,,,,,,,,
Kegonsa,2005-09-27,45.4,,,,,,,,,,,,,,
Kegonsa,2005-10-25,48.6,,,,,,,,,,,,,,
Kegonsa,2005-11-30,48.3,,,,,,,,,,,,,,
Kegonsa,2005-12-27,50.6,,,,,,,,,,,,,,
Kegonsa,2006-01-24,49.1,,,,,,,,,,,,,,
Kegonsa,2006-02-22,49.1,,,,,,,,,,,,,,
Kegonsa,2006-03-27,46.0,,,,,,,,,,,,,,
Kegonsa,2006-05-30,46.1,,,,,,,,,,,,,,
Kegonsa,2006-06-12,47.5,,,,,,,,,,,,,,
Kegonsa,2006-07-17,47.9,,,,,,,,,,,,,,
Kegonsa,2006-08-14,47.7,,,,,,,,,,,,,,
Kegonsa,2006-09-25,45.9,,,,,,,,,,,,,,
Kegonsa,2006-10-25,45.5,,,,,,,,,,,,,,
Kegonsa,2006-11-20,46.4,,,,,,,,,,,,,,
Kegonsa,2006-12-14,46.3,,,,,,,,,,,,,,
Kegonsa,2007-01-24,47.3,,,,,,,,,,,,,,
Kegonsa,2007-02-28,50.4,,,,,,,,,,,,,,
Kegonsa,2007-03-20,48.7,,,,,,,,,,,,,,
Kegonsa,2007-04-17,44.7,,,,,,,,,,,,,,
Kegonsa,2007-06-11,47.7,,,,,,,,,,,,,,
Kegonsa,2007-07-09,51.5,,,,,,,,,,,,,,
Kegonsa,2007-09-04,48.0,,,,,,,,,,,,,,
Kegonsa,2007-10-29,46.4,,,,,,,,,,,,,,
Kegonsa,2007-11-27,47.0,,,,,,,,,,,,,,
Kegonsa,2008-01-24,53.9,,,,,,,,,,,,,,
Kegonsa,2008-02-26,53.1,,,,,,,,,,,,,,
Kegonsa,2008-03-13,53.5,,,,,,,,,,,,,,
Kegonsa,2008-04-03,52.4,,,,,,,,,,,,,,
Kegonsa,2008-05-27,55.4,,,,,,,,,,,,,,
Kegonsa,2008-06-11,54.3,,,,,,,,,,,,,,
Kegonsa,2008-07-14,47.2,,,,,,,,,,,,,,
Kegonsa,2008-08-26,51.6,,,,,,,,,,,,,,
Kegonsa,2008-09-29,53.2,,,,,,,,,,,,,,
Kegonsa,2008-10-21,51.7,,,,,,,,,,,,,,
Kegonsa,2008-11-26,53.0,,,,,,,,,,,,,,
Kegonsa,2008-12-11,54.2,,,,,,,,,,,,,,
Kegonsa,2009-01-28,55.2,,,,,,,,,,,,,,
Kegonsa,2009-02-16,53.2,,,,,,,,,,,,,,
Kegonsa,2009-03-16,46.4,,,,,,,,,,,,,,
Kegonsa,2009-04-16,51.3,,,,,,,,,,,,,,
Kegonsa,2009-05-26,56.2,,,,,,,,,,,,,,
Kegonsa,2009-06-15,50.3,,,,,,,,,,,,,,
Kegonsa,2009-07-13,55.7,,,,,,,,,,,,,,
Kegonsa,2009-08-24,56.8,,,,,,,,,,,,,,
Kegonsa,2009-09-08,53.9,,,,,,,,,,,,,,
Kegonsa,2009-10-27,50.3,,,,,,,,,,,,,,
Kegonsa,2009-11-23,50.9,,,,,,,,,,,,,,
Kegonsa,2009-12-28,57.2,,,,,,,,,,,,,,
Kegonsa,2010-01-26,53.4,,,,,,,,,,,,,,
Kegonsa,2010-02-16,57.4,,,,,,,,,,,,,,
Kegonsa,2010-03-15,56.7,,,,,,,,,,,,,,
Kegonsa,2010-04-22,52.3,,,,,,,,,,,,,,
Kegonsa,2010-05-24,54.5,,,,,,,,,,,,,,
Kegonsa,2010-06-30,53.7,,,,,,,,,,,,,,
Kegonsa,2010-07-14,55.3,,,,,,,,,,,,,,
Kegonsa,2010-08-12,53.8,,,,,,,,,,,,,,
Kegonsa,2010-09-09,54.4,,,,,,,,,,,,,,
Kegonsa,2010-10-18,55.0,,,,,,,,,,,,,,
Kegonsa,2010-11-15,54.5,,,,,,,,,,,,,,
Kegonsa,2010-12-07,56.0,,,,,,,,,,,,,,
Kegonsa,2011-01-25,57.3,,,,,,,,,,,,,,
Kegonsa,2011-02-23,56.0,,,,,,,,,,,,,,
Kegonsa,2011-03-14,54.8,,,,,,,,,,,,,,
Kegonsa,2011-04-28,52.8,,,,,,,,,,,,,,
Kegonsa,2011-05-31,52.5,,,,,,,,,,,,,,
Kegonsa,2011-06-29,50.5,,,,,,,,,,,,,,
Kegonsa,2011-07-25,55.0,,,,,,,,,,,,,,
Kegonsa,2011-08-15,56.6,,,,,,,,,,,,,,
Kegonsa,2011-09-13,57.4,,,,,,,,,,,,,,
Kegonsa,2011-10-03,59.3,,,,,,,,,,,,,,
Kegonsa,2011-11-21,58.3,,,,,,,,,,,,,,
Kegonsa,2011-12-12,57.5,,,,,,,,,,,,,,
Kegonsa,2012-01-09,59.9,,,,,,,,,,,,,,
Kegonsa,2012-02-07,61.2,,,,,,,,,,,,,,
Kegonsa,2012-04-24,59.6,,,,,,,,,,,,,,
Kegonsa,2012-05-30,58.0,,,,,,,,,,,,,,
Kegonsa,2012-06-26,59.2,,,,,,,,,,,,,,
Kegonsa,2012-08-02,62.8,,,,,,,,,,,,,,
Kegonsa,2012-08-20,63.9,,,,,,,,,,,,,,
Kegonsa,2012-10-30,62.8,,,,,,,,,,,,,,
Kegonsa,2012-11-28,62.4,,,,,,,,,,,,,,
Kegonsa,2012-12-17,64.2,,,,,,,,,,,,,,
Kegonsa,2013-02-04,66.3,,,,,,,,,,,,,,
Kegonsa,2013-02-18,65.8,,,,,,,,,,,,,,
Kegonsa,2013-03-14,71.7,,,,,,,,,,,,,,
Kegonsa,2013-05-08,62.0,,,,,,,,,,,,,,
Kegonsa,2013-06-19,65.4,,,,,,,,,,,,,,
Kegonsa,2013-07-16,60.2,,,,,,,,,,,,,,
Kegonsa,2013-08-14,61.9,,,,,,,,,,,,,,
Kegonsa,2013-09-10,63.2,,,,,,,,,,,,,,
Kegonsa,2013-10-24,64.5,,,,,,,,,,,,,,
Kegonsa,2013-12-02,64.8,,,,,,,,,,,,,,
Kegonsa,2013-12-18,67.0,,,,,,,,,,,,,,
Kegonsa,2014-02-24,72.6,,,,,,,,,,,,,,
Kegonsa,2014-03-20,71.2,,,,,,,,,,,,,,
Kegonsa,2014-04-17,62.1,,,,,,,,,,,,,,
Kegonsa,2014-06-25,63.1,,,,,,,,,,,,,,
Kegonsa,2014-07-17,64.9,,,,,,,,,,,,,,
Kegonsa,2014-08-14,64.5,,,,,,,,,,,,,,
Kegonsa,2014-09-08,65.1,,,,,,,,,,,,,,
Kegonsa,2014-10-29,65.5,,,,,,,,,,,,,,
Kegonsa,2014-12-11,68.2,,,,,,,,,,,,,,
Kegonsa,2015-01-27,70.2,,,,,,,,,,,,,,
Kegonsa,2015-02-17,70.8,,,,,,,,,,,,,,
Kegonsa,2015-04-27,62.0,,,,,,,,,,,,,,
Kegonsa,2015-06-02,62.2,,,,,,,,,,,,,,
Kegonsa,2015-07-08,62.0,,,,,,,,,,,,,,
Kegonsa,2015-08-04,64.9,,,,,,,,,,,,,,
Kegonsa,2015-09-24,64.2,,,,,,,,,,,,,,
Kegonsa,2015-10-15,65.4,,,,,,,,,,,,,,
Kegonsa,2016-02-25,66.7,,,,,,,,,,,,,,
Kegonsa,2016-03-29,59.8,,,,,,,,,,,,,,
Kegonsa,2016-04-12,61.4,,,,,,,,,,,,,,
Kegonsa,2016-06-02,61.2,,,,,,,,,,,,,,
Kegonsa,2016-06-28,62.9,,,,,,,,,,,,,,
Kegonsa,2016-07-26,60.8,,,,,,,,,,,,,,
Kegonsa,2016-08-22,65.8,,,,,,,,,,,,,,
Kegonsa,2016-09-26,61.3,,,,,,,,,,,,,,
Kegonsa,2016-10-24,63.8,,,,,,,,,,,,,,
Kegonsa,2016-12-01,57.9,,,,,,,,,,,,,,
Kegonsa,2016-12-20,63.0,,,,,,,,,,,,,,
Kegonsa,2017-01-30,66.6,,,,,,,,,,,,,,
Kegonsa,2017-03-06,62.3,,,,,,,,,,,,,,
Kegonsa,2017-04-18,61.2,,,,,,,,,,,,,,
Kegonsa,2017-05-31,64.0,,,,,,,,,,,,,,
Kegonsa,2017-06-26,60.1,,,,,,,,,,,,,,
Kegonsa,2017-07-24,60.8,,,,,,,,,,,,,,
Kegonsa,2017-08-23,60.4,,,,,,,,,,,,,,
Kegonsa,2017-10-02,67.2,,,,,,,,,,,,,,
Kegonsa,2017-10-19,64.1,,,,,,,,,,,,,,
Kegonsa,2017-12-19,64.8,,,,,,,,,,,,,,
Kegonsa,2018-01-30,67.9,,,,,,,,,,,,,,
Kegonsa,2018-02-27,62.6,,,,,,,,,,,,,,
Kegonsa,2018-04-30,56.5,,,,,,,,,,,,,,
Kegonsa,2018-05-29,63.2,,,,,,,,,,,,,,
Kegonsa,2018-06-28,56.0,,,,,,,,,,,,,,
Kegonsa,2018-07-24,57.1,,,,,,,,,,,,,,
Kegonsa,2018-08-27,56.9,,,,,,,,,,,,,,
Kegonsa,2018-09-11,53.7,,,,,,,,,,,,,,
Kegonsa,2018-11-27,55.7,,,,,,,,,,,,,,
Kegonsa,2018-12-18,57.9,,,,,,,,,,,,,,
Kegonsa,2019-02-26,62.9,,,,,,,,,,,,,,
Kegonsa,2019-04-03,63.5,,,,,,,,,,,,,,
Kegonsa,2019-06-03,61.9,,,,,,,,,,,,,,
Kegonsa,2019-08-08,64.1,,,,,,,,,,,,,,
Kegonsa,2019-09-16,65.5,,,,,,,,,,,,,,
Kegonsa,2019-10-17,60.0,,,,,,,,,,,,,,
Kegonsa,2019-12-03,61.0,,,,,,,,,,,,,,
Kegonsa,2019-12-19,64.2,,,,,,,,,,,,,,
Kegonsa,2020-01-30,64.0,,,,,,,,,,,,,,
Kegonsa,2020-03-16,63.1,,,,,,,,,,,,,,
Kegonsa,2020-04-01,59.9,,,,,,,,,,,,,,
Kegonsa,2020-06-15,62.5,,,,,,,,,,,,,,
Kegonsa,2020-07-13,63.9,,,,,,,,,,,,,,
Kegonsa,2020-08-13,62.8,,,,,,,,,,,,,,
Kegonsa,2021-05-13,63.3,,,,,,,,,,,,,,
Kegonsa,2021-06-17,62.8,,,,,,,,,,,,,,
Kegonsa,2021-07-22,64.9,,,,,,,,,,,,,,
Kegonsa,2021-09-23,65.1,,,,,,,,,,,,,,
Kegonsa,2022-01-04,66.8,,,,,,,,,,,,,,
Kegonsa,2022-02-01,73.9,,,,,,,,,,,,,,
Kegonsa,2022-02-28,70.6,,,,,,,,,,,,,,
Kegonsa,2022-04-21,68.8,,,,,,,,,,,,,,
Kegonsa,2022-05-23,72.9,,,,,,,,,,,,,,
Kegonsa,2022-06-27,69.5,,,,,,,,,,,,,,
Kegonsa,2022-08-15,72.2,,,,,,,,,,,,,,
Kegonsa,2022-10-27,78.1,,,,,,,,,,,,,,
Kegonsa,2023-02-02,79.8,,,,,,,,,,,,,,
Kegonsa,2023-04-10,67.6,,,,,,,,,,,,,,
Kegonsa,2023-07-03,72.7,,,,,,,,,,,,,,
Kegonsa,2023-08-30,70.8,,,,,,,,,,,,,,
Kegonsa,2024-03-12,78.8,,,,,,,,,,,,,,
Kegonsa,2024-04-10,81.5,,,,,,,,,,,,,,
Kegonsa,2024-06-27,72.8,,,,,,,,,,,,,,
Kegonsa,2024-07-17,70.3,,,,,,,,,,,,,,
Kegonsa,2024-08-28,67.9,,,,,,,,,,,,,,
Kegonsa,2024-09-18,69.1,,,,,,,,,,,,,,
Waubesa,1975-01-01,21.5,,,,,,,,,,,,,,
Waubesa,1975-02-01,22.0,,,,,,,,,,,,,,
Waubesa,1975-03-01,23.2,,,,,,,,,,,,,,
Waubesa,1975-04-01,21.5,,,,,,,,,,,,,,
Waubesa,1975-05-01,22.2,,,,,,,,,,,,,,
Waubesa,1975-06-01,22.0,,,,,,,,,,,,,,
Waubesa,1975-07-01,22.0,,,,,,,,,,,,,,
Waubesa,1975-08-01,22.0,,,,,,,,,,,,,,
Waubesa,1975-09-01,21.8,,,,,,,,,,,,,,
Waubesa,1975-10-01,21.2,,,,,,,,,,,,,,
Waubesa,1975-11-01,22.5,,,,,,,,,,,,,,
Waubesa,1975-12-01,21.0,,,,,,,,,,,,,,
Waubesa,1976-01-01,22.0,,,,,,,,,,,,,,
Waubesa,1976-02-01,23.0,,,,,,,,,,,,,,
Waubesa,1976-03-01,22.5,,,,,,,,,,,,,,
Waubesa,1976-04-01,22.5,,,,,,,,,,,,,,
Waubesa,1976-05-01,21.0,,,,,,,,,,,,,,
Waubesa,1976-06-01,22.0,,,,,,,,,,,,,,
Waubesa,1976-07-01,22.5,,,,,,,,,,,,,,
Waubesa,1976-08-01,22.0,,,,,,,,,,,,,,
Waubesa,1976-09-01,23.0,,,,,,,,,,,,,,
Waubesa,1976-10-01,23.0,,,,,,,,,,,,,,
Waubesa,1976-11-01,22.0,,,,,,,,,,,,,,
Waubesa,1976-12-01,26.5,,,,,,,,,,,,,,
Waubesa,1977-01-01,25.0,,,,,,,,,,,,,,
Waubesa,1977-02-01,30.0,,,,,,,,,,,,,,
Waubesa,1977-03-01,26.0,,,,,,,,,,,,,,
Waubesa,1977-04-01,23.0,,,,,,,,,,,,,,
Waubesa,1977-05-01,22.0,,,,,,,,,,,,,,
Waubesa,1977-06-01,23.0,,,,,,,,,,,,,,
Waubesa,1977-07-01,32.5,,,,,,,,,,,,,,
Waubesa,1977-08-01,15.0,,,,,,,,,,,,,,
Waubesa,1977-09-01,22.0,,,,,,,,,,,,,,
Waubesa,1977-10-01,23.0,,,,,,,,,,,,,,
Waubesa,1977-11-01,23.0,,,,,,,,,,,,,,
Waubesa,1977-12-01,25.0,,,,,,,,,,,,,,
Waubesa,1978-01-01,25.0,,,,,,,,,,,,,,
Waubesa,1978-02-01,26.0,,,,,,,,,,,,,,
Waubesa,1978-03-01,28.0,,,,,,,,,,,,,,
Waubesa,1978-04-01,19.0,,,,,,,,,,,,,,
Waubesa,1978-05-01,22.0,,,,,,,,,,,,,,
Waubesa,1978-06-01,24.0,,,,,,,,,,,,,,
Waubesa,1978-07-01,19.0,,,,,,,,,,,,,,
Waubesa,1978-08-01,21.0,,,,,,,,,,,,,,
Waubesa,1978-09-01,55.0,,,,,,,,,,,,,,
Waubesa,1978-10-01,32.0,,,,,,,,,,,,,,
Waubesa,1978-11-01,24.0,,,,,,,,,,,,,,
Waubesa,1978-12-01,21.5,,,,,,,,,,,,,,
Waubesa,1979-01-01,23.5,,,,,,,,,,,,,,
Waubesa,1979-02-01,24.5,,,,,,,,,,,,,,
Waubesa,1979-03-01,24.0,,,,,,,,,,,,,,
Waubesa,1979-04-01,20.8,,,,,,,,,,,,,,
Waubesa,1979-05-01,23.3,,,,,,,,,,,,,,
Waubesa,1979-06-01,24.4,,,,,,,,,,,,,,
Waubesa,1979-07-01,23.7,,,,,,,,,,,,,,
Waubesa,1979-08-01,24.6,,,,,,,,,,,,,,
Waubesa,1979-09-01,23.3,,,,,,,,,,,,,,
Waubesa,1979-10-01,23.8,,,,,,,,,,,,,,
Waubesa,1979-11-01,24.2,,,,,,,,,,,,,,
Waubesa,1979-12-01,21.5,,,,,,,,,,,,,,
Waubesa,1980-01-01,24.4,,,,,,,,,,,,,,
Waubesa,1980-02-01,26.1,,,,,,,,,,,,,,
Waubesa,1980-03-01,25.5,,,,,,,,,,,,,,
Waubesa,1980-04-01,28.0,,,,,,,,,,,,,,
Waubesa,1980-05-01,27.0,,,,,,,,,,,,,,
Waubesa,1980-06-01,26.0,,,,,,,,,,,,,,
Waubesa,1980-07-01,25.0,,,,,,,,,,,,,,
Waubesa,1980-08-01,23.0,,,,,,,,,,,,,,
Waubesa,1980-09-01,24.0,,,,,,,,,,,,,,
Waubesa,1980-10-01,24.6,,,,,,,,,,,,,,
Waubesa,1980-12-01,25.0,,,,,,,,,,,,,,
Waubesa,1981-01-01,27.5,,,,,,,,,,,,,,
Waubesa,1981-02-01,27.1,,,,,,,,,,,,,,
Waubesa,1981-03-01,22.8,,,,,,,,,,,,,,
Waubesa,1981-04-01,25.1,,,,,,,,,,,,,,
Waubesa,1981-05-01,24.8,,,,,,,,,,,,,,
Waubesa,1981-06-01,26.5,,,,,,,,,,,,,,
Waubesa,1981-07-01,25.0,,,,,,,,,,,,,,
Waubesa,1981-08-01,25.0,,,,,,,,,,,,,,
Waubesa,1981-11-01,23.0,,,,,,,,,,,,,,
Waubesa,1981-12-01,24.0,,,,,,,,,,,,,,
Waubesa,1982-01-01,26.0,,,,,,,,,,,,,,
Waubesa,1982-02-01,26.5,,,,,,,,,,,,,,
Waubesa,1982-03-01,26.5,,,,,,,,,,,,,,
Waubesa,1982-04-01,25.0,,,,,,,,,,,,,,
Waubesa,1982-05-01,26.5,,,,,,,,,,,,,,
Waubesa,1982-06-01,25.0,,,,,,,,,,,,,,
Waubesa,1982-07-01,25.5,,,,,,,,,,,,,,
Waubesa,1982-08-01,25.5,,,,,,,,,,,,,,
Waubesa,1982-10-01,26.5,,,,,,,,,,,,,,
Waubesa,1982-11-01,26.0,,,,,,,,,,,,,,
Waubesa,1982-12-01,25.0,,,,,,,,,,,,,,
Waubesa,1983-01-01,25.2,,,,,,,,,,,,,,
Waubesa,1983-02-01,25.0,,,,,,,,,,,,,,
Waubesa,1983-03-01,27.0,,,,,,,,,,,,,,
Waubesa,1983-04-01,27.0,,,,,,,,,,,,,,
Waubesa,1983-05-01,27.9,,,,,,,,,,,,,,
Waubesa,1983-06-01,25.5,,,,,,,,,,,,,,
Waubesa,1983-07-01,24.0,,,,,,,,,,,,,,
Waubesa,1983-08-01,27.2,,,,,,,,,,,,,,
Waubesa,1983-09-01,26.0,,,,,,,,,,,,,,
Waubesa,1983-10-01,27.5,,,,,,,,,,,,,,
Waubesa,1983-11-01,27.5,,,,,,,,,,,,,,
Waubesa,1983-12-01,27.0,,,,,,,,,,,,,,
Waubesa,1984-01-03,35.0,,,,,,,,,,,,,,
Waubesa,1984-02-01,29.5,,,,,,,,,,,,,,
Waubesa,1984-03-01,28.0,,,,,,,,,,,,,,
Waubesa,1984-04-02,25.0,,,,,,,,,,,,,,
Waubesa,1984-05-01,27.0,,,,,,,,,,,,,,
Waubesa,1984-06-04,27.0,,,,,,,,,,,,,,
Waubesa,1984-07-02,26.5,,,,,,,,,,,,,,
Waubesa,1984-08-01,26.0,,,,,,,,,,,,,,
Waubesa,1984-09-04,26.0,,,,,,,,,,,,,,
Waubesa,1984-10-01,28.0,,,,,,,,,,,,,,
Waubesa,1984-11-01,28.0,,,,,,,,,,,,,,
Waubesa,1984-12-03,26.5,,,,,,,,,,,,,,
Waubesa,1985-01-02,28.0,,,,,,,,,,,,,,
Waubesa,1985-02-04,30.0,,,,,,,,,,,,,,
Waubesa,1985-03-06,30.5,,,,,,,,,,,,,,
Waubesa,1985-04-01,27.0,,,,,,,,,,,,,,
Waubesa,1985-05-01,28.0,,,,,,,,,,,,,,
Waubesa,1985-06-03,28.0,,,,,,,,,,,,,,
Waubesa,1985-07-01,28.0,,,,,,,,,,,,,,
Waubesa,1985-08-01,28.0,,,,,,,,,,,,,,
Waubesa,1985-09-03,27.0,,,,,,,,,,,,,,
Waubesa,1985-10-01,27.0,,,,,,,,,,,,,,
Waubesa,1985-11-04,29.0,,,,,,,,,,,,,,
Waubesa,1985-12-04,27.0,,,,,,,,,,,,,,
Waubesa,1986-01-03,30.0,,,,,,,,,,,,,,
Waubesa,1986-02-03,30.0,,,,,,,,,,,,,,
Waubesa,1986-03-03,31.0,,,,,,,,,,,,,,
Waubesa,1986-04-01,21.0,,,,,,,,,,,,,,
Waubesa,1986-05-01,29.0,,,,,,,,,,,,,,
Waubesa,1986-06-01,30.5,,,,,,,,,,,,,,
Waubesa,1986-07-01,32.8,,,,,,,,,,,,,,
Waubesa,1986-08-04,30.0,,,,,,,,,,,,,,
Waubesa,1986-10-01,31.4,,,,,,,,,,,,,,
Waubesa,1986-11-03,29.4,,,,,,,,,,,,,,
Waubesa,1986-12-02,30.2,,,,,,,,,,,,,,
Waubesa,1987-01-05,29.2,,,,,,,,,,,,,,
Waubesa,1987-02-02,32.0,,,,,,,,,,,,,,
Waubesa,1987-03-02,29.9,,,,,,,,,,,,,,
Waubesa,1987-04-02,30.3,,,,,,,,,,,,,,
Waubesa,1987-05-04,32.5,,,,,,,,,,,,,,
Waubesa,1987-06-01,28.9,,,,,,,,,,,,,,
Waubesa,1987-07-01,28.8,,,,,,,,,,,,,,
Waubesa,1987-08-03,30.0,,,,,,,,,,,,,,
Waubesa,1987-09-01,29.4,,,,,,,,,,,,,,
Waubesa,1987-10-01,28.0,,,,,,,,,,,,,,
Waubesa,1987-11-03,33.0,,,,,,,,,,,,,,
Waubesa,1987-12-01,31.3,,,,,,,,,,,,,,
Waubesa,1988-01-04,29.2,,,,,,,,,,,,,,
Waubesa,1988-02-02,32.2,,,,,,,,,,,,,,
Waubesa,1988-03-02,33.8,,,,,,,,,,,,,,
Waubesa,1988-04-04,31.0,,,,,,,,,,,,,,
Waubesa,1988-05-02,29.8,,,,,,,,,,,,,,
Waubesa,1988-06-01,32.9,,,,,,,,,,,,,,
Waubesa,1988-07-05,32.1,,,,,,,,,,,,,,
Waubesa,1988-08-01,34.5,,,,,,,,,,,,,,
Waubesa,1988-09-06,35.9,,,,,,,,,,,,,,
Waubesa,1988-10-03,34.0,,,,,,,,,,,,,,
Waubesa,1988-11-01,30.8,,,,,,,,,,,,,,
Waubesa,1988-12-05,30.6,,,,,,,,,,,,,,
Waubesa,1989-01-09,36.8,,,,,,,,,,,,,,
Waubesa,1989-02-02,37.2,,,,,,,,,,,,,,
Waubesa,1989-03-01,36.2,,,,,,,,,,,,,,
Waubesa,1989-04-03,36.8,,,,,,,,,,,,,,
Waubesa,1989-05-01,37.4,,,,,,,,,,,,,,
Waubesa,1989-06-01,54.2,,,,,,,,,,,,,,
Waubesa,1989-07-05,38.2,,,,,,,,,,,,,,
Waubesa,1989-08-01,31.8,,,,,,,,,,,,,,
Waubesa,1989-09-05,32.0,,,,,,,,,,,,,,
Waubesa,1989-10-02,36.6,,,,,,,,,,,,,,
Waubesa,1989-11-01,36.6,,,,,,,,,,,,,,
Waubesa,1989-12-01,38.1,,,,,,,,,,,,,,
Waubesa,1990-01-03,39.8,,,,,,,,,,,,,,
Waubesa,1990-02-01,43.0,,,,,,,,,,,,,,
Waubesa,1990-03-07,42.2,,,,,,,,,,,,,,
Waubesa,1990-04-02,38.3,,,,,,,,,,,,,,
Waubesa,1990-05-01,37.8,,,,,,,,,,,,,,
Waubesa,1990-06-04,37.2,,,,,,,,,,,,,,
Waubesa,1990-07-02,38.3,,,,,,,,,,,,,,
Waubesa,1990-08-01,36.8,,,,,,,,,,,,,,
Waubesa,1990-09-01,26.9,,,,,,,,,,,,,,
Waubesa,1990-11-01,38.3,,,,,,,,,,,,,,
Waubesa,1990-12-01,36.1,,,,,,,,,,,,,,
Waubesa,1991-01-03,40.7,,,,,,,,,,,,,,
Waubesa,1991-02-04,38.6,,,,,,,,,,,,,,
Waubesa,1991-04-01,39.5,,,,,,,,,,,,,,
Waubesa,1991-05-01,39.6,,,,,,,,,,,,,,
Waubesa,1991-06-03,40.5,,,,,,,,,,,,,,
Waubesa,1991-07-02,33.7,,,,,,,,,,,,,,
Waubesa,1991-08-05,41.3,,,,,,,,,,,,,,
Waubesa,1991-09-03,39.6,,,,,,,,,,,,,,
Waubesa,1991-10-03,39.8,,,,,,,,,,,,,,
Waubesa,1991-11-04,38.3,,,,,,,,,,,,,,
Waubesa,1991-12-02,36.1,,,,,,,,,,,,,,
Waubesa,1992-01-01,38.4,,,,,,,,,,,,,,
Waubesa,1992-02-01,40.3,,,,,,,,,,,,,,
Waubesa,1992-03-01,36.9,,,,,,,,,,,,,,
Waubesa,1992-04-01,38.4,,,,,,,,,,,,,,
Waubesa,1992-05-01,39.1,,,,,,,,,,,,,,
Waubesa,1992-06-01,38.6,,,,,,,,,,,,,,
Waubesa,1992-12-01,38.1,,,,,,,,,,,,,,
Waubesa,1993-02-01,43.3,,,,,,,,,,,,,,
Waubesa,1993-03-01,37.8,,,,,,,,,,,,,,
Waubesa,1993-07-01,41.2,,,,,,,,,,,,,,
Waubesa,1993-10-01,37.7,,,,,,,,,,,,,,
Waubesa,1993-11-01,37.5,,,,,,,,,,,,,,
Waubesa,1993-12-01,39.2,,,,,,,,,,,,,,
Waubesa,1994-02-22,39.1,,,,,,,,,,,,,,
Waubesa,1994-03-17,41.8,,,,,,,,,,,,,,
Waubesa,1994-06-07,39.7,,,,,,,,,,,,,,
Waubesa,1994-07-26,39.2,,,,,,,,,,,,,,
Waubesa,1994-08-09,39.9,,,,,,,,,,,,,,
Waubesa,1994-09-29,39.0,,,,,,,,,,,,,,
Waubesa,1994-10-13,38.4,,,,,,,,,,,,,,
Waubesa,1994-11-17,37.5,,,,,,,,,,,,,,
Waubesa,1994-12-19,39.1,,,,,,,,,,,,,,
Waubesa,1995-01-01,38.8,,,,,,,,,,,,,,
Waubesa,1995-03-01,36.8,,,,,,,,,,,,,,
Waubesa,1995-04-01,38.1,,,,,,,,,,,,,,
Waubesa,1995-05-01,38.0,,,,,,,,,,,,,,
Waubesa,1995-06-01,39.2,,,,,,,,,,,,,,
Waubesa,1995-07-01,39.1,,,,,,,,,,,,,,
Waubesa,1995-08-01,39.2,,,,,,,,,,,,,,
Waubesa,1995-09-01,39.6,,,,,,,,,,,,,,
Waubesa,1995-10-01,38.9,,,,,,,,,,,,,,
Waubesa,1996-01-01,43.8,,,,,,,,,,,,,,
Waubesa,1996-03-01,44.1,,,,,,,,,,,,,,
Waubesa,1996-04-01,41.3,,,,,,,,,,,,,,
Waubesa,1996-05-01,41.5,,,,,,,,,,,,,,
Waubesa,1996-06-01,35.8,,,,,,,,,,,,,,
Waubesa,1996-09-01,40.7,,,,,,,,,,,,,,
Waubesa,1996-12-01,42.8,,,,,,,,,,,,,,
Waubesa,1997-01-01,45.1,,,,,,,,,,,,,,
Waubesa,1997-02-01,46.0,,,,,,,,,,,,,,
Waubesa,1997-03-01,45.1,,,,,,,,,,,,,,
Waubesa,1997-04-01,47.4,,,,,,,,,,,,,,
Waubesa,1997-05-01,41.0,,,,,,,,,,,,,,
Waubesa,1997-06-01,47.4,,,,,,,,,,,,,,
Waubesa,1997-07-01,45.3,,,,,,,,,,,,,,
Waubesa,1997-09-01,51.0,,,,,,,,,,,,,,
Waubesa,1998-01-01,46.6,,,,,,,,,,,,,,
Waubesa,1998-02-01,46.6,,,,,,,,,,,,,,
Waubesa,1998-04-01,45.8,,,,,,,,,,,,,,
Waubesa,1998-06-23,45.2,,,,,,,,,,,,,,
Waubesa,1998-07-15,43.7,,,,,,,,,,,,,,
Waubesa,1998-09-01,41.9,,,,,,,,,,,,,,
Waubesa,1998-10-08,39.9,,,,,,,,,,,,,,
Waubesa,1998-12-02,41.5,,,,,,,,,,,,,,
Waubesa,1999-02-15,45.9,,,,,,,,,,,,,,
Waubesa,1999-03-04,42.1,,,,,,,,,,,,,,
Waubesa,1999-05-04,41.8,,,,,,,,,,,,,,
Waubesa,1999-07-27,39.9,,,,,,,,,,,,,,
Waubesa,1999-08-30,42.0,,,,,,,,,,,,,,
Waubesa,1999-09-20,41.9,,,,,,,,,,,,,,
Waubesa,1999-10-27,42.0,,,,,,,,,,,,,,
Waubesa,1999-12-07,44.5,,,,,,,,,,,,,,
Waubesa,2000-01-18,44.9,,,,,,,,,,,,,,
Waubesa,2000-02-28,40.4,,,,,,,,,,,,,,
Waubesa,2000-04-28,43.1,,,,,,,,,,,,,,
Waubesa,2000-05-26,41.7,,,,,,,,,,,,,,
Waubesa,2000-06-27,38.8,,,,,,,,,,,,,,
Waubesa,2000-07-12,38.1,,,,,,,,,,,,,,
Waubesa,2000-08-07,37.5,,,,,,,,,,,,,,
Waubesa,2000-09-05,38.2,,,,,,,,,,,,,,
Waubesa,2000-10-30,41.3,,,,,,,,,,,,,,
Waubesa,2000-11-28,38.3,,,,,,,,,,,,,,
Waubesa,2001-01-23,44.1,,,,,,,,,,,,,,
Waubesa,2001-02-20,47.0,,,,,,,,,,,,,,
Waubesa,2001-03-22,47.3,,,,,,,,,,,,,,
Waubesa,2001-04-03,42.9,,,,,,,,,,,,,,
Waubesa,2001-05-30,46.9,,,,,,,,,,,,,,
Waubesa,2001-06-26,46.7,,,,,,,,,,,,,,
Waubesa,2001-07-30,47.9,,,,,,,,,,,,,,
Waubesa,2001-10-30,44.1,,,,,,,,,,,,,,
Waubesa,2001-11-29,45.4,,,,,,,,,,,,,,
Waubesa,2001-12-11,45.0,,,,,,,,,,,,,,
Waubesa,2002-01-28,47.4,,,,,,,,,,,,,,
Waubesa,2002-02-28,45.0,,,,,,,,,,,,,,
Waubesa,2002-03-27,44.9,,,,,,,,,,,,,,
Waubesa,2002-04-29,46.1,,,,,,,,,,,,,,
Waubesa,2002-05-30,46.2,,,,,,,,,,,,,,
Waubesa,2002-06-25,45.7,,,,,,,,,,,,,,
Waubesa,2002-07-31,46.9,,,,,,,,,,,,,,
Waubesa,2002-08-26,47.2,,,,,,,,,,,,,,
Waubesa,2002-09-23,47.2,,,,,,,,,,,,,,
Waubesa,2002-10-28,43.9,,,,,,,,,,,,,,
Waubesa,2002-11-25,44.1,,,,,,,,,,,,,,
Waubesa,2002-12-11,45.4,,,,,,,,,,,,,,
Waubesa,2003-01-08,46.9,,,,,,,,,,,,,,
Waubesa,2003-02-19,47.4,,,,,,,,,,,,,,
Waubesa,2003-03-17,44.0,,,,,,,,,,,,,,
Waubesa,2003-04-29,44.6,,,,,,,,,,,,,,
Waubesa,2003-05-29,44.6,,,,,,,,,,,,,,
Waubesa,2003-06-23,46.1,,,,,,,,,,,,,,
Waubesa,2003-07-29,45.5,,,,,,,,,,,,,,
Waubesa,2003-08-27,47.7,,,,,,,,,,,,,,
Waubesa,2003-09-11,46.9,,,,,,,,,,,,,,
Waubesa,2003-10-27,46.8,,,,,,,,,,,,,,
Waubesa,2003-11-24,44.5,,,,,,,,,,,,,,
Waubesa,2003-12-29,46.3,,,,,,,,,,,,,,
Waubesa,2004-01-21,47.2,,,,,,,,,,,,,,
Waubesa,2004-02-18,48.5,,,,,,,,,,,,,,
Waubesa,2004-03-30,46.3,,,,,,,,,,,,,,
Waubesa,2004-04-26,46.6,,,,,,,,,,,,,,
Waubesa,2004-05-12,46.7,,,,,,,,,,,,,,
Waubesa,2004-06-15,42.6,,,,,,,,,,,,,,
Waubesa,2004-07-15,41.8,,,,,,,,,,,,,,
Waubesa,2004-08-23,41.7,,,,,,,,,,,,,,
Waubesa,2004-09-13,41.5,,,,,,,,,,,,,,
Waubesa,2004-10-25,42.6,,,,,,,,,,,,,,
Waubesa,2004-11-22,42.6,,,,,,,,,,,,,,
Waubesa,2004-12-13,43.5,,,,,,,,,,,,,,
Waubesa,2005-01-25,49.6,,,,,,,,,,,,,,
Waubesa,2005-02-23,53.6,,,,,,,,,,,,,,
Waubesa,2005-03-16,52.3,,,,,,,,,,,,,,
Waubesa,2005-04-25,46.4,,,,,,,,,,,,,,
Waubesa,2005-05-23,47.2,,,,,,,,,,,,,,
Waubesa,2005-06-30,49.3,,,,,,,,,,,,,,
Waubesa,2005-07-27,53.2,,,,,,,,,,,,,,
Waubesa,2005-08-23,54.0,,,,,,,,,,,,,,
Waubesa,2005-09-27,50.4,,,,,,,,,,,,,,
Waubesa,2005-10-25,55.3,,,,,,,,,,,,,,
Waubesa,2005-11-30,52.6,,,,,,,,,,,,,,
Waubesa,2005-12-27,53.9,,,,,,,,,,,,,,
Waubesa,2006-01-24,53.2,,,,,,,,,,,,,,
Waubesa,2006-02-22,52.9,,,,,,,,,,,,,,
Waubesa,2006-03-27,50.7,,,,,,,,,,,,,,
Waubesa,2006-05-30,51.6,,,,,,,,,,,,,,
Waubesa,2006-06-12,52.4,,,,,,,,,,,,,,
Waubesa,2006-07-17,52.2,,,,,,,,,,,,,,
Waubesa,2006-08-14,51.8,,,,,,,,,,,,,,
Waubesa,2006-09-25,48.0,,,,,,,,,,,,,,
Waubesa,2006-10-25,48.4,,,,,,,,,,,,,,
Waubesa,2006-11-20,49.1,,,,,,,,,,,,,,
Waubesa,2006-12-14,48.6,,,,,,,,,,,,,,
Waubesa,2007-01-24,51.4,,,,,,,,,,,,,,
Waubesa,2007-02-28,58.7,,,,,,,,,,,,,,
Waubesa,2007-03-20,53.5,,,,,,,,,,,,,,
Waubesa,2007-04-17,50.3,,,,,,,,,,,,,,
Waubesa,2007-06-11,52.4,,,,,,,,,,,,,,
Waubesa,2007-07-09,53.1,,,,,,,,,,,,,,
Waubesa,2007-09-04,50.4,,,,,,,,,,,,,,
Waubesa,2007-10-29,47.6,,,,,,,,,,,,,,
Waubesa,2007-11-27,48.5,,,,,,,,,,,,,,
Waubesa,2008-01-24,56.3,,,,,,,,,,,,,,
Waubesa,2008-02-26,55.8,,,,,,,,,,,,,,
Waubesa,2008-03-13,61.6,,,,,,,,,,,,,,
Waubesa,2008-04-03,57.3,,,,,,,,,,,,,,
Waubesa,2008-05-27,59.4,,,,,,,,,,,,,,
Waubesa,2008-06-11,54.8,,,,,,,,,,,,,,
Waubesa,2008-07-14,49.9,,,,,,,,,,,,,,
Waubesa,2008-08-26,52.6,,,,,,,,,,,,,,
Waubesa,2008-09-29,53.7,,,,,,,,,,,,,,
Waubesa,2008-10-21,52.2,,,,,,,,,,,,,,
Waubesa,2008-11-26,54.0,,,,,,,,,,,,,,
Waubesa,2008-12-11,55.1,,,,,,,,,,,,,,
Waubesa,2009-01-28,45.0,,,,,,,,,,,,,,
Waubesa,2009-02-16,54.2,,,,,,,,,,,,,,
Waubesa,2009-03-16,52.9,,,,,,,,,,,,,,
Waubesa,2009-04-16,56.5,,,,,,,,,,,,,,
Waubesa,2009-05-26,58.5,,,,,,,,,,,,,,
Waubesa,2009-06-15,55.5,,,,,,,,,,,,,,
Waubesa,2009-07-13,54.3,,,,,,,,,,,,,,
Waubesa,2009-08-24,56.5,,,,,,,,,,,,,,
Waubesa,2009-09-08,57.3,,,,,,,,,,,,,,
Waubesa,2009-10-27,52.5,,,,,,,,,,,,,,
Waubesa,2009-11-23,56.9,,,,,,,,,,,,,,
Waubesa,2009-12-28,53.8,,,,,,,,,,,,,,
Waubesa,2010-01-26,56.8,,,,,,,,,,,,,,
Waubesa,2010-02-16,60.6,,,,,,,,,,,,,,
Waubesa,2010-03-15,57.7,,,,,,,,,,,,,,
Waubesa,2010-04-22,55.0,,,,,,,,,,,,,,
Waubesa,2010-05-24,58.4,,,,,,,,,,,,,,
Waubesa,2010-06-30,55.1,,,,,,,,,,,,,,
Waubesa,2010-07-14,54.7,,,,,,,,,,,,,,
Waubesa,2010-08-12,56.1,,,,,,,,,,,,,,
Waubesa,2010-09-09,55.5,,,,,,,,,,,,,,
Waubesa,2010-10-18,53.1,,,,,,,,,,,,,,
Waubesa,2010-11-15,55.9,,,,,,,,,,,,,,
Waubesa,2010-12-07,56.7,,,,,,,,,,,,,,
Waubesa,2011-01-25,57.5,,,,,,,,,,,,,,
Waubesa,2011-02-23,62.5,,,,,,,,,,,,,,
Waubesa,2011-03-08,65.1,,,,,,,,,,,,,,
Waubesa,2011-04-28,55.1,,,,,,,,,,,,,,
Waubesa,2011-05-31,60.9,,,,,,,,,,,,,,
Waubesa,2011-06-29,58.0,,,,,,,,,,,,,,
Waubesa,2011-07-25,62.7,,,,,,,,,,,,,,
Waubesa,2011-08-15,63.3,,,,,,,,,,,,,,
Waubesa,2011-09-13,62.0,,,,,,,,,,,,,,
Waubesa,2011-10-03,62.6,,,,,,,,,,,,,,
Waubesa,2011-11-21,61.9,,,,,,,,,,,,,,
Waubesa,2011-12-12,60.2,,,,,,,,,,,,,,
Waubesa,2012-01-09,61.8,,,,,,,,,,,,,,
Waubesa,2012-02-07,62.2,,,,,,,,,,,,,,
Waubesa,2012-03-15,61.7,,,,,,,,,,,,,,
Waubesa,2012-04-24,65.3,,,,,,,,,,,,,,
Waubesa,2012-05-30,63.8,,,,,,,,,,,,,,
Waubesa,2012-12-17,66.9,,,,,,,,,,,,,,
Waubesa,2013-02-04,70.7,,,,,,,,,,,,,,
Waubesa,2013-02-18,71.0,,,,,,,,,,,,,,
Waubesa,2013-03-14,78.8,,,,,,,,,,,,,,
Waubesa,2013-05-08,72.1,,,,,,,,,,,,,,
Waubesa,2013-06-19,72.1,,,,,,,,,,,,,,
Waubesa,2013-07-16,64.0,,,,,,,,,,,,,,
Waubesa,2013-08-14,65.1,,,,,,,,,,,,,,
Waubesa,2013-09-10,65.8,,,,,,,,,,,,,,
Waubesa,2013-10-24,68.6,,,,,,,,,,,,,,
Waubesa,2013-12-02,68.1,,,,,,,,,,,,,,
Waubesa,2013-12-18,69.4,,,,,,,,,,,,,,
Waubesa,2014-01-30,73.8,,,,,,,,,,,,,,
Waubesa,2014-02-24,78.6,,,,,,,,,,,,,,
Waubesa,2014-03-20,76.5,,,,,,,,,,,,,,
Waubesa,2014-04-17,70.2,,,,,,,,,,,,,,
Waubesa,2014-06-25,70.2,,,,,,,,,,,,,,
Waubesa,2014-07-17,69.8,,,,,,,,,,,,,,
Waubesa,2014-08-14,68.8,,,,,,,,,,,,,,
Waubesa,2014-09-08,69.6,,,,,,,,,,,,,,
Waubesa,2014-10-29,67.7,,,,,,,,,,,,,,
Waubesa,2014-12-11,72.0,,,,,,,,,,,,,,
Waubesa,2015-01-27,72.3,,,,,,,,,,,,,,
Waubesa,2015-02-17,73.2,,,,,,,,,,,,,,
Waubesa,2015-04-27,70.1,,,,,,,,,,,,,,
Waubesa,2015-06-02,68.9,,,,,,,,,,,,,,
Waubesa,2015-08-04,71.2,,,,,,,,,,,,,,
Waubesa,2015-09-24,68.8,,,,,,,,,,,,,,
Waubesa,2015-10-15,68.1,,,,,,,,,,,,,,
Waubesa,2016-02-25,70.0,,,,,,,,,,,,,,
Waubesa,2016-03-29,65.5,,,,,,,,,,,,,,
Waubesa,2016-04-12,72.1,,,,,,,,,,,,,,
Waubesa,2016-06-02,68.9,,,,,,,,,,,,,,
Waubesa,2016-06-28,69.6,,,,,,,,,,,,,,
Waubesa,2016-07-26,70.5,,,,,,,,,,,,,,
Waubesa,2016-08-22,70.9,,,,,,,,,,,,,,
Waubesa,2016-09-26,64.2,,,,,,,,,,,,,,
Waubesa,2016-10-24,65.1,,,,,,,,,,,,,,
Waubesa,2016-12-01,59.4,,,,,,,,,,,,,,
Waubesa,2016-12-20,64.7,,,,,,,,,,,,,,
Waubesa,2017-01-30,70.4,,,,,,,,,,,,,,
Waubesa,2017-03-06,76.3,,,,,,,,,,,,,,
Waubesa,2017-04-18,75.8,,,,,,,,,,,,,,
Waubesa,2017-05-31,68.1,,,,,,,,,,,,,,
Waubesa,2017-06-26,69.2,,,,,,,,,,,,,,
Waubesa,2017-07-24,63.5,,,,,,,,,,,,,,
Waubesa,2017-08-23,63.6,,,,,,,,,,,,,,
Waubesa,2017-10-02,68.0,,,,,,,,,,,,,,
Waubesa,2017-10-19,67.4,,,,,,,,,,,,,,
Waubesa,2017-12-19,67.1,,,,,,,,,,,,,,
Waubesa,2018-01-30,68.9,,,,,,,,,,,,,,
Waubesa,2018-02-27,71.5,,,,,,,,,,,,,,
Waubesa,2018-04-30,63.5,,,,,,,,,,,,,,
Waubesa,2018-05-29,70.4,,,,,,,,,,,,,,
Waubesa,2018-06-28,57.7,,,,,,,,,,,,,,
Waubesa,2018-07-24,61.0,,,,,,,,,,,,,,
Waubesa,2018-08-27,59.5,,,,,,,,,,,,,,
Waubesa,2018-09-11,59.9,,,,,,,,,,,,,,
Waubesa,2018-11-27,61.1,,,,,,,,,,,,,,
Waubesa,2018-12-18,61.8,,,,,,,,,,,,,,
Waubesa,2019-02-26,71.9,,,,,,,,,,,,,,
Waubesa,2019-04-03,71.8,,,,,,,,,,,,,,
Waubesa,2019-06-03,73.2,,,,,,,,,,,,,,
Waubesa,2019-08-08,67.8,,,,,,,,,,,,,,
Waubesa,2019-09-16,67.1,,,,,,,,,,,,,,
Waubesa,2019-10-17,51.1,,,,,,,,,,,,,,
Waubesa,2019-12-03,65.6,,,,,,,,,,,,,,
Waubesa,2019-12-19,67.8,,,,,,,,,,,,,,
Waubesa,2020-01-30,66.9,,,,,,,,,,,,,,
Waubesa,2020-03-16,64.7,,,,,,,,,,,,,,
Waubesa,2020-04-01,72.3,,,,,,,,,,,,,,
Waubesa,2020-06-15,68.9,,,,,,,,,,,,,,
Waubesa,2020-07-13,69.7,,,,,,,,,,,,,,
Waubesa,2020-08-13,66.1,,,,,,,,,,,,,,
Waubesa,2021-05-13,73.4,,,,,,,,,,,,,,
Waubesa,2021-09-23,70.6,,,,,,,,,,,,,,
Waubesa,2022-01-04,70.4,,,,,,,,,,,,,,
Waubesa,2022-02-01,79.0,,,,,,,,,,,,,,
Waubesa,2022-02-28,74.4,,,,,,,,,,,,,,
Waubesa,2022-03-29,64.0,,,,,,,,,,,,,,
Waubesa,2022-04-21,77.5,,,,,,,,,,,,,,
Waubesa,2022-06-27,79.7,,,,,,,,,,,,,,
Waubesa,2022-07-26,76.6,,,,,,,,,,,,,,
Waubesa,2022-08-15,79.7,,,,,,,,,,,,,,
Waubesa,2022-10-27,79.6,,,,,,,,,,,,,,
Waubesa,2023-02-02,81.4,,,,,,,,,,,,,,
Waubesa,2023-04-10,80.8,,,,,,,,,,,,,,
Waubesa,2023-07-03,84.9,,,,,,,,,,,,,,
Waubesa,2023-08-30,80.6,,,,,,,,,,,,,,
Waubesa,2024-03-12,87.1,,,,,,,,,,,,,,
Waubesa,2024-04-10,80.5,,,,,,,,,,,,,,
Waubesa,2024-06-27,78.0,,,,,,,,,,,,,,
Waubesa,2024-07-17,69.5,,,,,,,,,,,,,,
Waubesa,2024-08-28,68.5,,,,,,,,,,,,,,
Waubesa,2024-09-18,69.0,,,,,,,,,,,,,,
Wingra,1975-01-02,52.0,,,,,,,,,,,,,,
Wingra,1975-01-29,52.0,,,,,,,,,,,,,,
Wingra,1975-02-03,52.0,,,,,,,,,,,,,,
Wingra,1975-03-05,52.5,,,,,,,,,,,,,,
Wingra,1975-03-20,53.1,,,,,,,,,,,,,,
Wingra,1975-03-28,54.0,,,,,,,,,,,,,,
Wingra,1975-04-04,40.5,,,,,,,,,,,,,,
Wingra,1975-04-18,49.5,,,,,,,,,,,,,,
Wingra,1975-05-02,49.5,,,,,,,,,,,,,,
Wingra,1975-06-17,47.0,,,,,,,,,,,,,,
Wingra,1975-07-01,43.0,,,,,,,,,,,,,,
Wingra,1975-08-07,41.0,,,,,,,,,,,,,,
Wingra,1975-09-02,42.0,,,,,,,,,,,,,,
Wingra,1975-10-06,47.0,,,,,,,,,,,,,,
Wingra,1975-10-22,43.0,,,,,,,,,,,,,,
Wingra,1975-11-05,42.5,,,,,,,,,,,,,,
Wingra,1975-12-01,41.5,,,,,,,,,,,,,,
Wingra,1976-01-02,46.0,,,,,,,,,,,,,,
Wingra,1976-02-04,47.5,,,,,,,,,,,,,,
Wingra,1976-02-12,40.0,,,,,,,,,,,,,,
Wingra,1976-03-01,43.5,,,,,,,,,,,,,,
Wingra,1976-04-02,48.0,,,,,,,,,,,,,,
Wingra,1976-05-04,47.0,,,,,,,,,,,,,,
Wingra,1976-06-02,47.0,,,,,,,,,,,,,,
Wingra,1976-07-01,56.0,,,,,,,,,,,,,,
Wingra,1976-08-01,52.0,,,,,,,,,,,,,,
Wingra,1976-09-01,56.0,,,,,,,,,,,,,,
Wingra,1976-10-01,58.0,,,,,,,,,,,,,,
Wingra,1976-11-01,55.0,,,,,,,,,,,,,,
Wingra,1976-12-01,60.0,,,,,,,,,,,,,,
Wingra,1977-01-01,65.0,,,,,,,,,,,,,,
Wingra,1977-02-01,72.5,,,,,,,,,,,,,,
Wingra,1977-02-23,66.0,,,,,,,,,,,,,,
Wingra,1977-03-01,60.0,,,,,,,,,,,,,,
Wingra,1977-04-01,50.0,,,,,,,,,,,,,,
Wingra,1977-05-01,51.0,,,,,,,,,,,,,,
Wingra,1977-06-01,52.0,,,,,,,,,,,,,,
Wingra,1977-07-01,49.0,,,,,,,,,,,,,,
Wingra,1977-09-01,47.0,,,,,,,,,,,,,,
Wingra,1977-10-01,44.0,,,,,,,,,,,,,,
Wingra,1977-11-01,43.0,,,,,,,,,,,,,,
Wingra,1977-12-01,48.5,,,,,,,,,,,,,,
Wingra,1978-01-01,52.0,,,,,,,,,,,,,,
Wingra,1978-02-01,53.0,,,,,,,,,,,,,,
Wingra,1978-03-01,60.0,,,,,,,,,,,,,,
Wingra,1978-04-01,48.0,,,,,,,,,,,,,,
Wingra,1978-05-01,43.0,,,,,,,,,,,,,,
Wingra,1978-06-01,42.0,,,,,,,,,,,,,,
Wingra,1978-07-01,33.0,,,,,,,,,,,,,,
Wingra,1978-08-01,32.0,,,,,,,,,,,,,,
Wingra,1978-09-01,21.0,,,,,,,,,,,,,,
Wingra,1978-10-01,40.0,,,,,,,,,,,,,,
Wingra,1978-11-01,37.0,,,,,,,,,,,,,,
Wingra,1978-12-01,35.0,,,,,,,,,,,,,,
Wingra,1979-01-01,39.2,,,,,,,,,,,,,,
Wingra,1979-02-01,40.0,,,,,,,,,,,,,,
Wingra,1979-03-01,42.0,,,,,,,,,,,,,,
Wingra,1979-04-01,33.7,,,,,,,,,,,,,,
Wingra,1979-05-01,42.2,,,,,,,,,,,,,,
Wingra,1979-06-01,28.9,,,,,,,,,,,,,,
Wingra,1979-07-01,29.8,,,,,,,,,,,,,,
Wingra,1979-08-01,46.5,,,,,,,,,,,,,,
Wingra,1979-09-01,43.7,,,,,,,,,,,,,,
Wingra,1979-10-01,44.7,,,,,,,,,,,,,,
Wingra,1979-11-01,43.4,,,,,,,,,,,,,,
Wingra,1979-12-01,44.4,,,,,,,,,,,,,,
Wingra,1980-01-01,45.7,,,,,,,,,,,,,,
Wingra,1980-02-01,50.0,,,,,,,,,,,,,,
Wingra,1980-03-01,50.6,,,,,,,,,,,,,,
Wingra,1980-04-01,49.0,,,,,,,,,,,,,,
Wingra,1980-05-01,56.0,,,,,,,,,,,,,,
Wingra,1980-06-01,63.0,,,,,,,,,,,,,,
Wingra,1980-07-01,56.0,,,,,,,,,,,,,,
Wingra,1980-08-01,52.0,,,,,,,,,,,,,,
Wingra,1980-09-01,50.0,,,,,,,,,,,,,,
Wingra,1980-10-01,44.9,,,,,,,,,,,,,,
Wingra,1980-11-01,45.5,,,,,,,,,,,,,,
Wingra,1980-12-01,45.8,,,,,,,,,,,,,,
Wingra,1981-01-01,52.1,,,,,,,,,,,,,,
Wingra,1981-02-05,54.6,,,,,,,,,,,,,,
Wingra,1981-03-03,50.9,,,,,,,,,,,,,,
Wingra,1981-04-01,53.2,,,,,,,,,,,,,,
Wingra,1981-05-01,52.1,,,,,,,,,,,,,,
Wingra,1981-06-01,55.7,,,,,,,,,,,,,,
Wingra,1981-07-07,53.0,,,,,,,,,,,,,,
Wingra,1981-08-03,50.5,,,,,,,,,,,,,,
Wingra,1981-11-02,42.5,,,,,,,,,,,,,,
Wingra,1981-12-01,44.5,,,,,,,,,,,,,,
Wingra,1982-01-20,51.0,,,,,,,,,,,,,,
Wingra,1982-02-02,52.5,,,,,,,,,,,,,,
Wingra,1982-03-02,52.5,,,,,,,,,,,,,,
Wingra,1982-04-06,50.0,,,,,,,,,,,,,,
Wingra,1982-05-03,52.0,,,,,,,,,,,,,,
Wingra,1982-06-01,51.0,,,,,,,,,,,,,,
Wingra,1982-07-06,50.5,,,,,,,,,,,,,,
Wingra,1982-08-02,45.0,,,,,,,,,,,,,,
Wingra,1982-10-04,51.5,,,,,,,,,,,,,,
Wingra,1982-11-01,52.0,,,,,,,,,,,,,,
Wingra,1982-12-02,46.0,,,,,,,,,,,,,,
Wingra,1983-01-01,49.0,,,,,,,,,,,,,,
Wingra,1983-02-01,49.0,,,,,,,,,,,,,,
Wingra,1983-03-01,49.0,,,,,,,,,,,,,,
Wingra,1983-04-01,48.0,,,,,,,,,,,,,,
Wingra,1983-05-01,53.5,,,,,,,,,,,,,,
Wingra,1983-06-01,52.0,,,,,,,,,,,,,,
Wingra,1983-07-01,51.0,,,,,,,,,,,,,,
Wingra,1983-08-01,58.0,,,,,,,,,,,,,,
Wingra,1983-09-01,56.0,,,,,,,,,,,,,,
Wingra,1983-10-01,54.5,,,,,,,,,,,,,,
Wingra,1983-11-01,53.2,,,,,,,,,,,,,,
Wingra,1983-12-01,56.0,,,,,,,,,,,,,,
Wingra,1984-01-03,64.0,,,,,,,,,,,,,,
Wingra,1984-02-01,64.5,,,,,,,,,,,,,,
Wingra,1984-03-07,52.0,,,,,,,,,,,,,,
Wingra,1984-04-02,50.0,,,,,,,,,,,,,,
Wingra,1984-05-01,56.0,,,,,,,,,,,,,,
Wingra,1984-06-04,58.0,,,,,,,,,,,,,,
Wingra,1984-07-02,50.0,,,,,,,,,,,,,,
Wingra,1984-08-01,50.0,,,,,,,,,,,,,,
Wingra,1984-09-04,49.0,,,,,,,,,,,,,,
Wingra,1984-10-01,53.0,,,,,,,,,,,,,,
Wingra,1984-11-01,44.5,,,,,,,,,,,,,,
Wingra,1985-01-02,44.0,,,,,,,,,,,,,,
Wingra,1985-02-04,45.0,,,,,,,,,,,,,,
Wingra,1985-03-06,50.0,,,,,,,,,,,,,,
Wingra,1985-04-01,69.0,,,,,,,,,,,,,,
Wingra,1985-05-01,58.0,,,,,,,,,,,,,,
Wingra,1985-06-03,63.0,,,,,,,,,,,,,,
Wingra,1985-07-01,64.0,,,,,,,,,,,,,,
Wingra,1985-08-01,64.0,,,,,,,,,,,,,,
Wingra,1985-09-03,65.0,,,,,,,,,,,,,,
Wingra,1985-10-01,58.0,,,,,,,,,,,,,,
Wingra,1985-11-04,53.0,,,,,,,,,,,,,,
Wingra,1985-12-04,41.0,,,,,,,,,,,,,,
Wingra,1986-01-02,62.0,,,,,,,,,,,,,,
Wingra,1986-02-03,60.0,,,,,,,,,,,,,,
Wingra,1986-03-03,60.0,,,,,,,,,,,,,,
Wingra,1986-04-01,50.0,,,,,,,,,,,,,,
Wingra,1986-05-01,62.0,,,,,,,,,,,,,,
Wingra,1986-06-02,62.0,,,,,,,,,,,,,,
Wingra,1986-07-01,42.8,,,,,,,,,,,,,,
Wingra,1986-08-04,63.2,,,,,,,,,,,,,,
Wingra,1986-09-02,64.0,,,,,,,,,,,,,,
Wingra,1986-10-01,56.0,,,,,,,,,,,,,,
Wingra,1986-11-03,54.4,,,,,,,,,,,,,,
Wingra,1986-12-02,55.0,,,,,,,,,,,,,,
Wingra,1987-01-05,57.0,,,,,,,,,,,,,,
Wingra,1987-02-02,64.0,,,,,,,,,,,,,,
Wingra,1987-03-02,24.3,,,,,,,,,,,,,,
Wingra,1987-03-25,55.7,,,,,,,,,,,,,,
Wingra,1987-04-02,57.8,,,,,,,,,,,,,,
Wingra,1987-05-04,54.9,,,,,,,,,,,,,,
Wingra,1987-06-01,58.0,,,,,,,,,,,,,,
Wingra,1987-07-01,58.7,,,,,,,,,,,,,,
Wingra,1987-08-03,61.0,,,,,,,,,,,,,,
Wingra,1987-09-01,58.4,,,,,,,,,,,,,,
Wingra,1987-10-01,58.0,,,,,,,,,,,,,,
Wingra,1987-11-03,57.0,,,,,,,,,,,,,,
Wingra,1987-12-01,54.6,,,,,,,,,,,,,,
Wingra,1988-01-04,57.6,,,,,,,,,,,,,,
Wingra,1988-02-02,54.4,,,,,,,,,,,,,,
Wingra,1988-03-02,69.4,,,,,,,,,,,,,,
Wingra,1988-04-04,64.2,,,,,,,,,,,,,,
Wingra,1988-05-02,67.4,,,,,,,,,,,,,,
Wingra,1988-06-01,71.5,,,,,,,,,,,,,,
Wingra,1988-07-05,73.8,,,,,,,,,,,,,,
Wingra,1988-08-01,75.8,,,,,,,,,,,,,,
Wingra,1988-09-06,79.0,,,,,,,,,,,,,,
Wingra,1988-10-03,76.2,,,,,,,,,,,,,,
Wingra,1988-11-01,74.3,,,,,,,,,,,,,,
Wingra,1988-12-05,67.3,,,,,,,,,,,,,,
Wingra,1989-01-09,76.2,,,,,,,,,,,,,,
Wingra,1989-02-02,76.4,,,,,,,,,,,,,,
Wingra,1989-03-01,83.2,,,,,,,,,,,,,,
Wingra,1989-04-03,87.0,,,,,,,,,,,,,,
Wingra,1989-05-01,84.0,,,,,,,,,,,,,,
Wingra,1989-06-01,85.0,,,,,,,,,,,,,,
Wingra,1989-07-05,89.0,,,,,,,,,,,,,,
Wingra,1989-08-01,82.6,,,,,,,,,,,,,,
Wingra,1989-09-05,80.4,,,,,,,,,,,,,,
Wingra,1989-10-02,80.5,,,,,,,,,,,,,,
Wingra,1989-11-01,77.0,,,,,,,,,,,,,,
Wingra,1989-12-01,86.3,,,,,,,,,,,,,,
Wingra,1990-01-03,98.5,,,,,,,,,,,,,,
Wingra,1990-02-01,92.9,,,,,,,,,,,,,,
Wingra,1990-03-07,91.8,,,,,,,,,,,,,,
Wingra,1990-04-02,78.4,,,,,,,,,,,,,,
Wingra,1990-05-01,82.8,,,,,,,,,,,,,,
Wingra,1990-06-04,77.2,,,,,,,,,,,,,,
Wingra,1990-07-02,73.6,,,,,,,,,,,,,,
Wingra,1990-08-01,72.4,,,,,,,,,,,,,,
Wingra,1990-09-01,72.6,,,,,,,,,,,,,,
Wingra,1990-11-07,96.5,,,,,,,,,,,,,,
Wingra,1990-12-05,110.6,,,,,,,,,,,,,,
Wingra,1991-01-03,96.1,,,,,,,,,,,,,,
Wingra,1991-02-04,110.3,,,,,,,,,,,,,,
Wingra,1991-03-13,70.4,,,,,,,,,,,,,,
Wingra,1991-04-01,72.2,,,,,,,,,,,,,,
Wingra,1991-05-01,72.0,,,,,,,,,,,,,,
Wingra,1991-06-03,74.8,,,,,,,,,,,,,,
Wingra,1991-07-02,72.1,,,,,,,,,,,,,,
Wingra,1991-08-05,99.2,,,,,,,,,,,,,,
Wingra,1991-09-03,66.2,,,,,,,,,,,,,,
Wingra,1991-10-03,63.6,,,,,,,,,,,,,,
Wingra,1991-11-04,58.2,,,,,,,,,,,,,,
Wingra,1991-12-02,56.1,,,,,,,,,,,,,,
Wingra,1992-01-01,62.9,,,,,,,,,,,,,,
Wingra,1992-02-01,56.5,,,,,,,,,,,,,,
Wingra,1992-03-01,63.1,,,,,,,,,,,,,,
Wingra,1992-05-01,70.4,,,,,,,,,,,,,,
Wingra,1992-06-01,72.9,,,,,,,,,,,,,,
Wingra,1992-07-01,77.8,,,,,,,,,,,,,,
Wingra,1992-08-01,61.5,,,,,,,,,,,,,,
Wingra,1992-09-01,70.8,,,,,,,,,,,,,,
Wingra,1992-10-01,62.5,,,,,,,,,,,,,,
Wingra,1992-11-01,37.3,,,,,,,,,,,,,,
Wingra,1992-12-01,59.9,,,,,,,,,,,,,,
Wingra,1993-02-01,73.8,,,,,,,,,,,,,,
Wingra,1993-03-01,73.8,,,,,,,,,,,,,,
Wingra,1993-07-01,67.1,,,,,,,,,,,,,,
Wingra,1993-10-01,52.3,,,,,,,,,,,,,,
Wingra,1993-11-01,60.0,,,,,,,,,,,,,,
Wingra,1993-12-01,67.3,,,,,,,,,,,,,,
Wingra,1994-02-22,64.5,,,,,,,,,,,,,,
Wingra,1994-03-17,78.8,,,,,,,,,,,,,,
Wingra,1994-06-07,82.0,,,,,,,,,,,,,,
Wingra,1994-07-26,80.1,,,,,,,,,,,,,,
Wingra,1994-08-09,82.4,,,,,,,,,,,,,,
Wingra,1994-10-13,68.8,,,,,,,,,,,,,,
Wingra,1994-11-17,69.5,,,,,,,,,,,,,,
Wingra,1994-12-19,75.4,,,,,,,,,,,,,,
Wingra,1995-01-01,70.9,,,,,,,,,,,,,,
Wingra,1995-03-01,65.7,,,,,,,,,,,,,,
Wingra,1995-04-01,70.8,,,,,,,,,,,,,,
Wingra,1995-05-01,66.6,,,,,,,,,,,,,,
Wingra,1995-06-01,67.3,,,,,,,,,,,,,,
Wingra,1995-07-01,75.0,,,,,,,,,,,,,,
Wingra,1995-08-01,68.5,,,,,,,,,,,,,,
Wingra,1995-09-01,73.2,,,,,,,,,,,,,,
Wingra,1995-10-01,69.3,,,,,,,,,,,,,,
Wingra,1996-01-01,76.4,,,,,,,,,,,,,,
Wingra,1996-03-01,74.7,,,,,,,,,,,,,,
Wingra,1996-04-01,88.1,,,,,,,,,,,,,,
Wingra,1996-05-01,88.9,,,,,,,,,,,,,,
Wingra,1996-06-01,57.2,,,,,,,,,,,,,,
Wingra,1996-12-01,73.6,,,,,,,,,,,,,,
Wingra,1997-01-01,76.6,,,,,,,,,,,,,,
Wingra,1997-02-01,77.4,,,,,,,,,,,,,,
Wingra,1997-03-01,92.7,,,,,,,,,,,,,,
Wingra,1997-04-01,118.5,,,,,,,,,,,,,,
Wingra,1997-05-01,88.8,,,,,,,,,,,,,,
Wingra,1997-06-01,102.0,,,,,,,,,,,,,,
Wingra,1997-07-01,47.4,,,,,,,,,,,,,,
Wingra,1997-09-01,99.7,,,,,,,,,,,,,,
Wingra,1998-01-01,93.4,,,,,,,,,,,,,,
Wingra,1998-02-01,90.9,,,,,,,,,,,,,,
Wingra,1998-04-01,83.9,,,,,,,,,,,,,,
Wingra,1998-06-23,78.0,,,,,,,,,,,,,,
Wingra,1998-07-15,66.4,,,,,,,,,,,,,,
Wingra,1998-09-01,70.8,,,,,,,,,,,,,,
Wingra,1998-10-08,65.0,,,,,,,,,,,,,,
Wingra,1998-12-02,67.5,,,,,,,,,,,,,,
Wingra,1999-02-15,71.9,,,,,,,,,,,,,,
Wingra,1999-03-04,75.8,,,,,,,,,,,,,,
Wingra,1999-05-04,81.2,,,,,,,,,,,,,,
Wingra,1999-07-27,76.4,,,,,,,,,,,,,,
Wingra,1999-08-30,76.5,,,,,,,,,,,,,,
Wingra,1999-09-20,79.8,,,,,,,,,,,,,,
Wingra,1999-10-27,73.4,,,,,,,,,,,,,,
Wingra,1999-12-07,75.0,,,,,,,,,,,,,,
Wingra,2000-01-18,81.3,,,,,,,,,,,,,,
Wingra,2000-02-28,64.7,,,,,,,,,,,,,,
Wingra,2000-04-28,81.4,,,,,,,,,,,,,,
Wingra,2000-05-26,77.0,,,,,,,,,,,,,,
Wingra,2000-06-27,59.4,,,,,,,,,,,,,,
Wingra,2000-07-12,60.0,,,,,,,,,,,,,,
Wingra,2000-08-07,60.4,,,,,,,,,,,,,,
Wingra,2000-09-05,60.6,,,,,,,,,,,,,,
Wingra,2000-10-30,64.2,,,,,,,,,,,,,,
Wingra,2000-11-28,67.2,,,,,,,,,,,,,,
Wingra,2001-01-23,74.3,,,,,,,,,,,,,,
Wingra,2001-02-20,81.0,,,,,,,,,,,,,,
Wingra,2001-03-22,83.7,,,,,,,,,,,,,,
Wingra,2001-04-03,94.0,,,,,,,,,,,,,,
Wingra,2001-05-30,95.1,,,,,,,,,,,,,,
Wingra,2001-06-26,92.1,,,,,,,,,,,,,,
Wingra,2001-07-30,90.5,,,,,,,,,,,,,,
Wingra,2001-10-30,68.6,,,,,,,,,,,,,,
Wingra,2001-11-29,69.2,,,,,,,,,,,,,,
Wingra,2001-12-11,69.7,,,,,,,,,,,,,,
Wingra,2002-01-28,75.7,,,,,,,,,,,,,,
Wingra,2002-02-28,68.5,,,,,,,,,,,,,,
Wingra,2002-03-27,80.8,,,,,,,,,,,,,,
Wingra,2002-04-29,81.8,,,,,,,,,,,,,,
Wingra,2002-05-30,82.3,,,,,,,,,,,,,,
Wingra,2002-06-25,74.6,,,,,,,,,,,,,,
Wingra,2002-07-31,78.2,,,,,,,,,,,,,,
Wingra,2002-08-26,84.2,,,,,,,,,,,,,,
Wingra,2002-09-23,84.2,,,,,,,,,,,,,,
Wingra,2002-10-28,82.8,,,,,,,,,,,,,,
Wingra,2002-11-25,41.9,,,,,,,,,,,,,,
Wingra,2002-12-11,90.7,,,,,,,,,,,,,,
Wingra,2003-01-08,85.7,,,,,,,,,,,,,,
Wingra,2003-02-19,92.2,,,,,,,,,,,,,,
Wingra,2003-03-17,81.2,,,,,,,,,,,,,,
Wingra,2003-04-29,89.3,,,,,,,,,,,,,,
Wingra,2003-05-29,90.2,,,,,,,,,,,,,,
Wingra,2003-06-23,94.2,,,,,,,,,,,,,,
Wingra,2003-07-29,89.3,,,,,,,,,,,,,,
Wingra,2003-08-27,94.9,,,,,,,,,,,,,,
Wingra,2003-09-11,96.6,,,,,,,,,,,,,,
Wingra,2003-10-27,88.3,,,,,,,,,,,,,,
Wingra,2003-11-24,77.5,,,,,,,,,,,,,,
Wingra,2003-12-29,79.2,,,,,,,,,,,,,,
Wingra,2004-01-21,84.7,,,,,,,,,,,,,,
Wingra,2004-02-18,92.8,,,,,,,,,,,,,,
Wingra,2004-03-30,90.4,,,,,,,,,,,,,,
Wingra,2004-04-26,93.0,,,,,,,,,,,,,,
Wingra,2004-05-12,94.1,,,,,,,,,,,,,,
Wingra,2004-06-15,68.3,,,,,,,,,,,,,,
Wingra,2004-07-15,66.3,,,,,,,,,,,,,,
Wingra,2004-08-23,67.8,,,,,,,,,,,,,,
Wingra,2004-09-13,68.4,,,,,,,,,,,,,,
Wingra,2004-10-25,69.3,,,,,,,,,,,,,,
Wingra,2004-11-22,70.9,,,,,,,,,,,,,,
Wingra,2004-12-13,69.4,,,,,,,,,,,,,,
Wingra,2005-01-25,81.7,,,,,,,,,,,,,,
Wingra,2005-02-23,90.0,,,,,,,,,,,,,,
Wingra,2005-03-16,98.6,,,,,,,,,,,,,,
Wingra,2005-04-25,105.5,,,,,,,,,,,,,,
Wingra,2005-05-23,111.2,,,,,,,,,,,,,,
Wingra,2005-06-30,106.8,,,,,,,,,,,,,,
Wingra,2005-07-27,107.1,,,,,,,,,,,,,,
Wingra,2005-08-23,111.0,,,,,,,,,,,,,,
Wingra,2005-09-27,111.1,,,,,,,,,,,,,,
Wingra,2005-10-25,112.0,,,,,,,,,,,,,,
Wingra,2005-11-30,108.1,,,,,,,,,,,,,,
Wingra,2005-12-27,114.6,,,,,,,,,,,,,,
Wingra,2006-01-24,107.7,,,,,,,,,,,,,,
Wingra,2006-02-22,105.0,,,,,,,,,,,,,,
Wingra,2006-03-27,104.1,,,,,,,,,,,,,,
Wingra,2006-05-30,88.7,,,,,,,,,,,,,,
Wingra,2006-06-12,90.0,,,,,,,,,,,,,,
Wingra,2006-07-17,92.0,,,,,,,,,,,,,,
Wingra,2006-08-14,85.5,,,,,,,,,,,,,,
Wingra,2006-09-25,71.5,,,,,,,,,,,,,,
Wingra,2006-10-25,72.3,,,,,,,,,,,,,,
Wingra,2006-11-20,73.0,,,,,,,,,,,,,,
Wingra,2006-12-14,73.0,,,,,,,,,,,,,,
Wingra,2007-01-24,77.3,,,,,,,,,,,,,,
Wingra,2007-02-28,83.6,,,,,,,,,,,,,,
Wingra,2007-03-20,73.0,,,,,,,,,,,,,,
Wingra,2007-04-17,83.9,,,,,,,,,,,,,,
Wingra,2007-06-11,88.5,,,,,,,,,,,,,,
Wingra,2007-07-09,92.1,,,,,,,,,,,,,,
Wingra,2007-09-04,62.5,,,,,,,,,,,,,,
Wingra,2007-10-29,68.8,,,,,,,,,,,,,,
Wingra,2008-01-24,74.6,,,,,,,,,,,,,,
Wingra,2008-02-26,89.1,,,,,,,,,,,,,,
Wingra,2008-03-13,94.9,,,,,,,,,,,,,,
Wingra,2008-04-03,81.7,,,,,,,,,,,,,,
Wingra,2008-05-27,99.3,,,,,,,,,,,,,,
Wingra,2008-06-11,80.4,,,,,,,,,,,,,,
Wingra,2008-07-14,76.1,,,,,,,,,,,,,,
Wingra,2008-08-26,80.3,,,,,,,,,,,,,,
Wingra,2008-09-29,85.1,,,,,,,,,,,,,,
Wingra,2008-10-21,76.9,,,,,,,,,,,,,,
Wingra,2008-11-26,89.1,,,,,,,,,,,,,,
Wingra,2008-12-11,85.5,,,,,,,,,,,,,,
Wingra,2009-01-28,102.0,,,,,,,,,,,,,,
Wingra,2009-02-16,57.3,,,,,,,,,,,,,,
Wingra,2009-03-16,87.6,,,,,,,,,,,,,,
Wingra,2009-04-16,112.0,,,,,,,,,,,,,,
Wingra,2009-05-26,106.0,,,,,,,,,,,,,,
Wingra,2009-06-15,94.1,,,,,,,,,,,,,,
Wingra,2009-11-23,88.6,,,,,,,,,,,,,,
Wingra,2009-12-28,90.2,,,,,,,,,,,,,,
Wingra,2010-01-26,87.6,,,,,,,,,,,,,,
Wingra,2010-02-16,108.0,,,,,,,,,,,,,,
Wingra,2010-03-15,57.2,,,,,,,,,,,,,,
Wingra,2010-04-22,91.3,,,,,,,,,,,,,,
Wingra,2010-05-24,99.2,,,,,,,,,,,,,,
Wingra,2010-06-30,85.9,,,,,,,,,,,,,,
Wingra,2010-07-14,82.5,,,,,,,,,,,,,,
Wingra,2010-08-12,72.8,,,,,,,,,,,,,,
Wingra,2010-09-09,66.7,,,,,,,,,,,,,,
Wingra,2010-10-18,67.1,,,,,,,,,,,,,,
Wingra,2010-11-15,71.5,,,,,,,,,,,,,,
Wingra,2010-12-07,76.7,,,,,,,,,,,,,,
Wingra,2011-01-25,91.6,,,,,,,,,,,,,,
Wingra,2011-02-23,87.7,,,,,,,,,,,,,,
Wingra,2011-03-08,93.0,,,,,,,,,,,,,,
Wingra,2011-04-28,108.0,,,,,,,,,,,,,,
Wingra,2011-05-31,109.0,,,,,,,,,,,,,,
Wingra,2011-06-29,111.0,,,,,,,,,,,,,,
Wingra,2011-07-25,117.0,,,,,,,,,,,,,,
Wingra,2011-08-15,116.0,,,,,,,,,,,,,,
Wingra,2011-09-13,115.0,,,,,,,,,,,,,,
Wingra,2011-10-03,110.0,,,,,,,,,,,,,,
Wingra,2011-11-21,102.0,,,,,,,,,,,,,,
Wingra,2011-12-12,132.0,,,,,,,,,,,,,,
Wingra,2012-01-09,106.0,,,,,,,,,,,,,,
Wingra,2012-02-07,106.0,,,,,,,,,,,,,,
Wingra,2012-03-15,101.0,,,,,,,,,,,,,,
Wingra,2012-04-24,118.0,,,,,,,,,,,,,,
Wingra,2012-05-30,115.0,,,,,,,,,,,,,,
Wingra,2012-08-02,127.0,,,,,,,,,,,,,,
Wingra,2012-08-20,127.0,,,,,,,,,,,,,,
Wingra,2012-09-24,125.0,,,,,,,,,,,,,,
Wingra,2012-10-30,116.0,,,,,,,,,,,,,,
Wingra,2012-11-28,116.0,,,,,,,,,,,,,,
Wingra,2012-12-17,107.0,,,,,,,,,,,,,,
Wingra,2013-02-04,112.0,,,,,,,,,,,,,,
Wingra,2013-02-18,119.0,,,,,,,,,,,,,,
Wingra,2013-03-14,123.0,,,,,,,,,,,,,,
Wingra,2013-05-08,124.0,,,,,,,,,,,,,,
Wingra,2013-06-19,119.0,,,,,,,,,,,,,,
Wingra,2013-07-16,97.5,,,,,,,,,,,,,,
Wingra,2013-08-14,97.7,,,,,,,,,,,,,,
Wingra,2013-09-10,103.0,,,,,,,,,,,,,,
Wingra,2013-10-24,106.0,,,,,,,,,,,,,,
Wingra,2013-12-02,107.0,,,,,,,,,,,,,,
Wingra,2013-12-18,104.0,,,,,,,,,,,,,,
Wingra,2014-01-30,117.0,,,,,,,,,,,,,,
Wingra,2014-02-13,119.0,,,,,,,,,,,,,,
Wingra,2014-02-19,143.0,,,,,,,,,,,,,,
Wingra,2014-02-24,117.0,,,,,,,,,,,,,,
Wingra,2014-03-13,118.0,,,,,,,,,,,,,,
Wingra,2014-03-20,111.0,,,,,,,,,,,,,,
Wingra,2014-04-17,119.0,,,,,,,,,,,,,,
Wingra,2014-06-25,107.0,,,,,,,,,,,,,,
Wingra,2014-07-17,111.0,,,,,,,,,,,,,,
Wingra,2014-08-14,108.0,,,,,,,,,,,,,,
Wingra,2014-09-08,108.0,,,,,,,,,,,,,,
Wingra,2014-10-29,98.3,,,,,,,,,,,,,,
Wingra,2014-12-11,109.0,,,,,,,,,,,,,,
Wingra,2015-01-27,103.0,,,,,,,,,,,,,,
Wingra,2015-02-17,108.0,,,,,,,,,,,,,,
Wingra,2015-03-05,115.0,,,,,,,,,,,,,,
Wingra,2015-03-10,113.0,,,,,,,,,,,,,,
Wingra,2015-03-17,88.4,,,,,,,,,,,,,,
Wingra,2015-03-27,91.0,,,,,,,,,,,,,,
Wingra,2015-04-01,98.5,,,,,,,,,,,,,,
Wingra,2015-04-09,95.8,,,,,,,,,,,,,,
Wingra,2015-04-23,105.0,,,,,,,,,,,,,,
Wingra,2015-04-27,109.0,,,,,,,,,,,,,,
Wingra,2015-05-12,106.0,,,,,,,,,,,,,,
Wingra,2015-05-27,103.0,,,,,,,,,,,,,,
Wingra,2015-06-02,106.0,,,,,,,,,,,,,,
Wingra,2015-06-10,110.0,,,,,,,,,,,,,,
Wingra,2015-07-01,103.0,,,,,,,,,,,,,,
Wingra,2015-07-08,104.0,,,,,,,,,,,,,,
Wingra,2015-07-16,107.0,,,,,,,,,,,,,,
Wingra,2015-08-04,105.0,,,,,,,,,,,,,,
Wingra,2015-08-18,104.0,,,,,,,,,,,,,,
Wingra,2015-08-24,103.0,,,,,,,,,,,,,,
Wingra,2015-08-31,100.0,,,,,,,,,,,,,,
Wingra,2015-09-03,97.0,,,,,,,,,,,,,,
Wingra,2015-09-18,92.6,,,,,,,,,,,,,,
Wingra,2015-09-24,93.8,,,,,,,,,,,,,,
Wingra,2015-10-08,88.8,,,,,,,,,,,,,,
Wingra,2015-10-15,95.9,,,,,,,,,,,,,,
Wingra,2015-10-26,87.6,,,,,,,,,,,,,,
Wingra,2016-02-25,90.0,,,,,,,,,,,,,,
Wingra,2016-03-29,99.7,,,,,,,,,,,,,,
Wingra,2016-04-12,108.0,,,,,,,,,,,,,,
Wingra,2016-05-23,103.0,,,,,,,,,,,,,,
Wingra,2016-06-28,104.0,,,,,,,,,,,,,,
Wingra,2016-07-26,98.8,,,,,,,,,,,,,,
Wingra,2016-08-22,94.2,,,,,,,,,,,,,,
Wingra,2016-09-26,80.2,,,,,,,,,,,,,,
Wingra,2016-10-24,80.7,,,,,,,,,,,,,,
Wingra,2016-12-01,69.3,,,,,,,,,,,,,,
Wingra,2017-01-30,86.1,,,,,,,,,,,,,,
Wingra,2017-03-06,131.0,,,,,,,,,,,,,,
Wingra,2017-04-18,137.0,,,,,,,,,,,,,,
Wingra,2017-05-31,135.0,,,,,,,,,,,,,,
Wingra,2017-06-26,130.0,,,,,,,,,,,,,,
Wingra,2017-07-24,89.7,,,,,,,,,,,,,,
Wingra,2017-08-23,79.8,,,,,,,,,,,,,,
Wingra,2017-10-02,91.3,,,,,,,,,,,,,,
Wingra,2017-10-19,95.7,,,,,,,,,,,,,,
Wingra,2017-12-19,99.7,,,,,,,,,,,,,,
Wingra,2018-01-30,97.5,,,,,,,,,,,,,,
Wingra,2018-02-27,109.0,,,,,,,,,,,,,,
Wingra,2018-04-30,110.0,,,,,,,,,,,,,,
Wingra,2018-05-29,108.0,,,,,,,,,,,,,,
Wingra,2018-06-28,76.8,,,,,,,,,,,,,,
Wingra,2018-07-24,84.5,,,,,,,,,,,,,,
Wingra,2018-08-27,63.9,,,,,,,,,,,,,,
Wingra,2018-09-11,55.5,,,,,,,,,,,,,,
Wingra,2018-11-27,74.8,,,,,,,,,,,,,,
Wingra,2018-12-18,78.7,,,,,,,,,,,,,,
Wingra,2019-02-26,106.0,,,,,,,,,,,,,,
Wingra,2019-04-03,135.0,,,,,,,,,,,,,,
Wingra,2019-06-03,126.0,,,,,,,,,,,,,,
Wingra,2019-08-08,112.0,,,,,,,,,,,,,,
Wingra,2019-09-16,99.7,,,,,,,,,,,,,,
Wingra,2019-10-17,77.6,,,,,,,,,,,,,,
Wingra,2019-12-03,98.4,,,,,,,,,,,,,,
Wingra,2019-12-19,93.0,,,,,,,,,,,,,,
Wingra,2020-01-30,107.0,,,,,,,,,,,,,,
Wingra,2020-03-16,113.0,,,,,,,,,,,,,,
Wingra,2020-04-01,118.0,,,,,,,,,,,,,,
Wingra,2020-06-15,114.0,,,,,,,,,,,,,,
Wingra,2020-07-13,103.0,,,,,,,,,,,,,,
Wingra,2020-08-13,107.0,,,,,,,,,,,,,,
Wingra,2021-05-13,125.0,,,,,,,,,,,,,,
Wingra,2021-06-17,119.0,,,,,,,,,,,,,,
Wingra,2021-07-22,122.0,,,,,,,,,,,,,,
Wingra,2021-09-23,115.0,,,,,,,,,,,,,,
Wingra,2022-02-01,137.0,,,,,,,,,,,,,,
Wingra,2022-02-28,137.0,,,,,,,,,,,,,,
Wingra,2022-03-29,119.0,,,,,,,,,,,,,,
Wingra,2022-04-21,130.0,,,,,,,,,,,,,,
Wingra,2022-05-23,129.0,,,,,,,,,,,,,,
Wingra,2022-06-27,137.0,,,,,,,,,,,,,,
Wingra,2022-07-26,123.0,,,,,,,,,,,,,,
Wingra,2022-08-15,131.0,,,,,,,,,,,,,,
Wingra,2022-10-27,121.0,,,,,,,,,,,,,,
Wingra,2023-02-02,124.0,,,,,,,,,,,,,,
Wingra,2023-04-10,148.0,,,,,,,,,,,,,,
Wingra,2023-07-03,156.1,,,,,,,,,,,,,,
Wingra,2023-08-30,141.3,,,,,,,,,,,,,,
Wingra,2023-10-02,134.4,,,,,,,,,,,,,,
Wingra,2024-03-12,139.9,,,,,,,,,,,,,,
Wingra,2024-04-10,126.1,,,,,,,,,,,,,,
Wingra,2024-06-27,105.1,,,,,,,,,,,,,,
Wingra,2024-07-17,90.8,,,,,,,,,,,,,,
Wingra,2024-08-28,90.2,,,,,,,,,,,,,,
Wingra,2024-09-18,93.0,,,,,,,,,,,,,,
Monona,1975-01-01,21.8,,,,,,,,,,,,,,
Monona,1975-02-01,23.5,,,,,,,,,,,,,,
Monona,1975-03-01,26.0,,,,,,,,,,,,,,
Monona,1975-04-01,27.2,,,,,,,,,,,,,,
Monona,1975-05-01,25.5,,,,,,,,,,,,,,
Monona,1975-07-01,21.0,,,,,,,,,,,,,,
Monona,1975-08-01,20.5,,,,,,,,,,,,,,
Monona,1975-09-01,21.5,,,,,,,,,,,,,,
Monona,1975-10-01,21.5,,,,,,,,,,,,,,
Monona,1975-11-01,21.5,,,,,,,,,,,,,,
Monona,1975-12-01,21.0,,,,,,,,,,,,,,
Monona,1976-01-02,23.0,,,,,,,,,,,,,,
Monona,1976-02-04,22.0,,,,,,,,,,,,,,
Monona,1976-03-01,23.0,,,,,,,,,,,,,,
Monona,1976-04-02,24.0,,,,,,,,,,,,,,
Monona,1976-05-04,21.0,,,,,,,,,,,,,,
Monona,1976-06-02,22.0,,,,,,,,,,,,,,
Monona,1976-07-01,22.0,,,,,,,,,,,,,,
Monona,1976-08-02,20.0,,,,,,,,,,,,,,
Monona,1976-09-01,22.0,,,,,,,,,,,,,,
Monona,1976-10-04,23.0,,,,,,,,,,,,,,
Monona,1976-11-01,21.0,,,,,,,,,,,,,,
Monona,1976-12-01,25.0,,,,,,,,,,,,,,
Monona,1977-01-04,24.0,,,,,,,,,,,,,,
Monona,1977-02-02,27.0,,,,,,,,,,,,,,
Monona,1977-03-01,26.0,,,,,,,,,,,,,,
Monona,1977-04-01,25.0,,,,,,,,,,,,,,
Monona,1977-05-04,24.0,,,,,,,,,,,,,,
Monona,1977-06-01,22.0,,,,,,,,,,,,,,
Monona,1977-07-01,22.0,,,,,,,,,,,,,,
Monona,1977-08-01,19.0,,,,,,,,,,,,,,
Monona,1977-09-01,23.0,,,,,,,,,,,,,,
Monona,1977-10-01,21.0,,,,,,,,,,,,,,
Monona,1977-11-01,22.0,,,,,,,,,,,,,,
Monona,1977-12-01,24.0,,,,,,,,,,,,,,
Monona,1978-01-01,22.0,,,,,,,,,,,,,,
Monona,1978-02-01,23.0,,,,,,,,,,,,,,
Monona,1978-03-01,25.0,,,,,,,,,,,,,,
Monona,1978-04-01,22.0,,,,,,,,,,,,,,
Monona,1978-05-01,23.0,,,,,,,,,,,,,,
Monona,1978-06-01,22.0,,,,,,,,,,,,,,
Monona,1978-07-01,19.0,,,,,,,,,,,,,,
Monona,1978-08-01,17.0,,,,,,,,,,,,,,
Monona,1978-09-01,34.0,,,,,,,,,,,,,,
Monona,1978-10-01,36.0,,,,,,,,,,,,,,
Monona,1978-11-01,23.0,,,,,,,,,,,,,,
Monona,1978-12-01,21.5,,,,,,,,,,,,,,
Monona,1979-01-01,22.0,,,,,,,,,,,,,,
Monona,1979-02-01,19.5,,,,,,,,,,,,,,
Monona,1979-03-01,24.5,,,,,,,,,,,,,,
Monona,1979-04-01,24.8,,,,,,,,,,,,,,
Monona,1979-05-01,23.5,,,,,,,,,,,,,,
Monona,1979-06-01,23.7,,,,,,,,,,,,,,
Monona,1979-07-01,23.8,,,,,,,,,,,,,,
Monona,1979-08-01,23.9,,,,,,,,,,,,,,
Monona,1979-09-01,23.3,,,,,,,,,,,,,,
Monona,1979-10-01,23.1,,,,,,,,,,,,,,
Monona,1979-11-01,23.1,,,,,,,,,,,,,,
Monona,1979-12-01,22.3,,,,,,,,,,,,,,
Monona,1980-01-01,23.5,,,,,,,,,,,,,,
Monona,1980-02-01,24.4,,,,,,,,,,,,,,
Monona,1980-03-01,25.7,,,,,,,,,,,,,,
Monona,1980-04-01,26.0,,,,,,,,,,,,,,
Monona,1980-05-01,29.0,,,,,,,,,,,,,,
Monona,1980-06-01,25.0,,,,,,,,,,,,,,
Monona,1980-07-01,26.0,,,,,,,,,,,,,,
Monona,1980-08-01,23.0,,,,,,,,,,,,,,
Monona,1980-09-01,27.0,,,,,,,,,,,,,,
Monona,1980-10-01,25.5,,,,,,,,,,,,,,
Monona,1980-11-01,24.0,,,,,,,,,,,,,,
Monona,1980-12-01,24.0,,,,,,,,,,,,,,
Monona,1981-01-01,25.0,,,,,,,,,,,,,,
Monona,1981-02-05,26.0,,,,,,,,,,,,,,
Monona,1981-03-03,24.0,,,,,,,,,,,,,,
Monona,1981-04-01,25.0,,,,,,,,,,,,,,
Monona,1981-05-05,24.0,,,,,,,,,,,,,,
Monona,1981-06-01,26.0,,,,,,,,,,,,,,
Monona,1981-07-07,25.0,,,,,,,,,,,,,,
Monona,1981-08-03,25.0,,,,,,,,,,,,,,
Monona,1981-11-02,23.0,,,,,,,,,,,,,,
Monona,1981-12-01,24.0,,,,,,,,,,,,,,
Monona,1982-01-01,24.5,,,,,,,,,,,,,,
Monona,1982-02-01,26.0,,,,,,,,,,,,,,
Monona,1982-03-01,25.5,,,,,,,,,,,,,,
Monona,1982-04-01,30.5,,,,,,,,,,,,,,
Monona,1982-05-01,26.5,,,,,,,,,,,,,,
Monona,1982-06-01,20.5,,,,,,,,,,,,,,
Monona,1982-07-01,26.0,,,,,,,,,,,,,,
Monona,1982-08-01,26.0,,,,,,,,,,,,,,
Monona,1982-10-01,26.0,,,,,,,,,,,,,,
Monona,1982-11-01,25.0,,,,,,,,,,,,,,
Monona,1982-12-01,23.5,,,,,,,,,,,,,,
Monona,1983-01-01,24.0,,,,,,,,,,,,,,
Monona,1983-02-01,26.0,,,,,,,,,,,,,,
Monona,1983-03-01,24.5,,,,,,,,,,,,,,
Monona,1983-04-01,27.0,,,,,,,,,,,,,,
Monona,1983-05-01,27.0,,,,,,,,,,,,,,
Monona,1983-06-01,25.0,,,,,,,,,,,,,,
Monona,1983-07-01,23.0,,,,,,,,,,,,,,
Monona,1983-08-01,26.5,,,,,,,,,,,,,,
Monona,1983-09-01,25.0,,,,,,,,,,,,,,
Monona,1983-10-01,26.0,,,,,,,,,,,,,,
Monona,1983-11-01,26.0,,,,,,,,,,,,,,
Monona,1983-12-01,25.0,,,,,,,,,,,,,,
Monona,1984-01-03,28.0,,,,,,,,,,,,,,
Monona,1984-02-01,28.0,,,,,,,,,,,,,,
Monona,1984-03-01,26.0,,,,,,,,,,,,,,
Monona,1984-04-02,25.0,,,,,,,,,,,,,,
Monona,1984-05-01,30.2,,,,,,,,,,,,,,
Monona,1984-06-04,27.6,,,,,,,,,,,,,,
Monona,1984-07-02,26.0,,,,,,,,,,,,,,
Monona,1984-08-01,26.0,,,,,,,,,,,,,,
Monona,1984-09-04,24.0,,,,,,,,,,,,,,
Monona,1984-10-01,26.0,,,,,,,,,,,,,,
Monona,1984-11-01,24.0,,,,,,,,,,,,,,
Monona,1984-12-03,26.0,,,,,,,,,,,,,,
Monona,1985-01-02,26.0,,,,,,,,,,,,,,
Monona,1985-02-04,27.0,,,,,,,,,,,,,,
Monona,1985-03-06,27.0,,,,,,,,,,,,,,
Monona,1985-04-01,30.0,,,,,,,,,,,,,,
Monona,1985-05-01,27.0,,,,,,,,,,,,,,
Monona,1985-06-03,26.5,,,,,,,,,,,,,,
Monona,1985-07-01,32.0,,,,,,,,,,,,,,
Monona,1985-08-01,28.0,,,,,,,,,,,,,,
Monona,1985-09-03,28.0,,,,,,,,,,,,,,
Monona,1985-10-01,26.0,,,,,,,,,,,,,,
Monona,1985-11-04,29.0,,,,,,,,,,,,,,
Monona,1985-12-04,26.0,,,,,,,,,,,,,,
Monona,1986-01-02,28.0,,,,,,,,,,,,,,
Monona,1986-02-03,27.0,,,,,,,,,,,,,,
Monona,1986-03-03,28.0,,,,,,,,,,,,,,
Monona,1986-04-01,26.0,,,,,,,,,,,,,,
Monona,1986-05-01,29.0,,,,,,,,,,,,,,
Monona,1986-06-02,32.5,,,,,,,,,,,,,,
Monona,1986-07-01,30.0,,,,,,,,,,,,,,
Monona,1986-08-04,28.4,,,,,,,,,,,,,,
Monona,1986-09-02,29.0,,,,,,,,,,,,,,
Monona,1986-10-01,29.2,,,,,,,,,,,,,,
Monona,1986-11-03,29.2,,,,,,,,,,,,,,
Monona,1986-12-02,29.4,,,,,,,,,,,,,,
Monona,1987-01-05,27.8,,,,,,,,,,,,,,
Monona,1987-02-02,31.0,,,,,,,,,,,,,,
Monona,1987-03-02,27.3,,,,,,,,,,,,,,
Monona,1987-04-02,29.7,,,,,,,,,,,,,,
Monona,1987-05-04,28.3,,,,,,,,,,,,,,
Monona,1987-06-01,29.2,,,,,,,,,,,,,,
Monona,1987-07-01,28.1,,,,,,,,,,,,,,
Monona,1987-08-03,31.0,,,,,,,,,,,,,,
Monona,1987-09-01,29.4,,,,,,,,,,,,,,
Monona,1987-10-01,31.0,,,,,,,,,,,,,,
Monona,1987-11-03,30.0,,,,,,,,,,,,,,
Monona,1987-12-01,29.2,,,,,,,,,,,,,,
Monona,1988-01-04,32.0,,,,,,,,,,,,,,
Monona,1988-02-02,30.6,,,,,,,,,,,,,,
Monona,1988-03-02,32.3,,,,,,,,,,,,,,
Monona,1988-04-04,34.3,,,,,,,,,,,,,,
Monona,1988-05-02,33.8,,,,,,,,,,,,,,
Monona,1988-06-01,36.4,,,,,,,,,,,,,,
Monona,1988-07-05,33.6,,,,,,,,,,,,,,
Monona,1988-08-01,35.8,,,,,,,,,,,,,,
Monona,1988-09-06,37.5,,,,,,,,,,,,,,
Monona,1988-10-03,35.2,,,,,,,,,,,,,,
Monona,1988-11-01,32.2,,,,,,,,,,,,,,
Monona,1988-12-05,32.6,,,,,,,,,,,,,,
Monona,1989-01-09,36.2,,,,,,,,,,,,,,
Monona,1989-02-02,38.2,,,,,,,,,,,,,,
Monona,1989-03-01,39.4,,,,,,,,,,,,,,
Monona,1989-04-03,37.8,,,,,,,,,,,,,,
Monona,1989-05-01,39.4,,,,,,,,,,,,,,
Monona,1989-06-01,38.4,,,,,,,,,,,,,,
Monona,1989-07-05,38.2,,,,,,,,,,,,,,
Monona,1989-08-01,35.8,,,,,,,,,,,,,,
Monona,1989-09-05,33.0,,,,,,,,,,,,,,
Monona,1989-10-02,39.2,,,,,,,,,,,,,,
Monona,1989-11-01,37.9,,,,,,,,,,,,,,
Monona,1989-12-01,37.5,,,,,,,,,,,,,,
Monona,1990-01-03,40.0,,,,,,,,,,,,,,
Monona,1990-02-01,42.1,,,,,,,,,,,,,,
Monona,1990-03-07,43.7,,,,,,,,,,,,,,
Monona,1990-04-02,38.3,,,,,,,,,,,,,,
Monona,1990-05-01,40.2,,,,,,,,,,,,,,
Monona,1990-06-04,39.1,,,,,,,,,,,,,,
Monona,1990-07-02,32.0,,,,,,,,,,,,,,
Monona,1990-08-01,36.1,,,,,,,,,,,,,,
Monona,1990-09-01,36.9,,,,,,,,,,,,,,
Monona,1990-11-07,31.4,,,,,,,,,,,,,,
Monona,1990-12-05,32.5,,,,,,,,,,,,,,
Monona,1991-01-03,35.4,,,,,,,,,,,,,,
Monona,1991-02-04,38.2,,,,,,,,,,,,,,
Monona,1991-03-13,38.7,,,,,,,,,,,,,,
Monona,1991-04-01,45.4,,,,,,,,,,,,,,
Monona,1991-05-01,42.2,,,,,,,,,,,,,,
Monona,1991-06-03,39.1,,,,,,,,,,,,,,
Monona,1991-07-02,37.3,,,,,,,,,,,,,,
Monona,1991-08-05,43.2,,,,,,,,,,,,,,
Monona,1991-09-03,42.2,,,,,,,,,,,,,,
Monona,1991-10-03,40.2,,,,,,,,,,,,,,
Monona,1991-11-04,41.4,,,,,,,,,,,,,,
Monona,1991-12-02,37.5,,,,,,,,,,,,,,
Monona,1992-01-01,38.3,,,,,,,,,,,,,,
Monona,1992-02-01,43.2,,,,,,,,,,,,,,
Monona,1992-03-01,36.5,,,,,,,,,,,,,,
Monona,1992-04-01,40.7,,,,,,,,,,,,,,
Monona,1992-05-01,39.3,,,,,,,,,,,,,,
Monona,1992-06-01,39.5,,,,,,,,,,,,,,
Monona,1992-07-01,42.5,,,,,,,,,,,,,,
Monona,1992-08-01,41.2,,,,,,,,,,,,,,
Monona,1992-09-01,40.5,,,,,,,,,,,,,,
Monona,1992-10-01,41.3,,,,,,,,,,,,,,
Monona,1992-11-01,39.4,,,,,,,,,,,,,,
Monona,1992-12-01,38.8,,,,,,,,,,,,,,
Monona,1993-02-01,41.3,,,,,,,,,,,,,,
Monona,1993-03-01,37.0,,,,,,,,,,,,,,
Monona,1993-07-01,41.3,,,,,,,,,,,,,,
Monona,1993-10-01,37.7,,,,,,,,,,,,,,
Monona,1993-11-01,36.8,,,,,,,,,,,,,,
Monona,1993-12-01,38.7,,,,,,,,,,,,,,
Monona,1994-02-22,39.3,,,,,,,,,,,,,,
Monona,1994-03-17,40.8,,,,,,,,,,,,,,
Monona,1994-06-07,40.4,,,,,,,,,,,,,,
Monona,1994-07-26,39.3,,,,,,,,,,,,,,
Monona,1994-08-09,41.3,,,,,,,,,,,,,,
Monona,1994-09-29,39.0,,,,,,,,,,,,,,
Monona,1994-10-13,38.8,,,,,,,,,,,,,,
Monona,1994-11-17,36.6,,,,,,,,,,,,,,
Monona,1994-12-19,38.3,,,,,,,,,,,,,,
Monona,1995-01-01,38.3,,,,,,,,,,,,,,
Monona,1995-03-01,37.6,,,,,,,,,,,,,,
Monona,1995-04-01,39.6,,,,,,,,,,,,,,
Monona,1995-05-01,39.5,,,,,,,,,,,,,,
Monona,1995-06-01,39.2,,,,,,,,,,,,,,
Monona,1995-07-01,39.9,,,,,,,,,,,,,,
Monona,1995-08-01,39.5,,,,,,,,,,,,,,
Monona,1995-09-01,38.7,,,,,,,,,,,,,,
Monona,1995-10-01,38.6,,,,,,,,,,,,,,
Monona,1996-01-23,42.2,,,,,,,,,,,,,,
Monona,1996-03-04,41.2,,,,,,,,,,,,,,
Monona,1996-04-10,45.2,,,,,,,,,,,,,,
Monona,1996-05-13,46.0,,,,,,,,,,,,,,
Monona,1996-06-27,39.9,,,,,,,,,,,,,,
Monona,1996-09-24,41.1,,,,,,,,,,,,,,
Monona,1996-11-26,44.4,,,,,,,,,,,,,,
Monona,1996-12-16,43.6,,,,,,,,,,,,,,
Monona,1997-01-08,46.7,,,,,,,,,,,,,,
Monona,1997-02-06,44.5,,,,,,,,,,,,,,
Monona,1997-03-12,46.3,,,,,,,,,,,,,,
Monona,1997-04-04,56.9,,,,,,,,,,,,,,
Monona,1997-05-12,35.6,,,,,,,,,,,,,,
Monona,1997-06-23,48.0,,,,,,,,,,,,,,
Monona,1997-07-24,41.8,,,,,,,,,,,,,,
Monona,1997-09-30,49.9,,,,,,,,,,,,,,
Monona,1997-11-11,49.9,,,,,,,,,,,,,,
Monona,1998-06-23,43.8,,,,,,,,,,,,,,
Monona,1998-07-15,42.6,,,,,,,,,,,,,,
Monona,1998-09-01,40.1,,,,,,,,,,,,,,
Monona,1998-10-08,40.4,,,,,,,,,,,,,,
Monona,1998-12-02,40.5,,,,,,,,,,,,,,
Monona,1999-02-15,43.2,,,,,,,,,,,,,,
Monona,1999-03-04,42.0,,,,,,,,,,,,,,
Monona,1999-05-04,45.8,,,,,,,,,,,,,,
Monona,1999-07-27,40.5,,,,,,,,,,,,,,
Monona,1999-08-30,41.0,,,,,,,,,,,,,,
Monona,1999-09-20,42.2,,,,,,,,,,,,,,
Monona,1999-10-27,42.8,,,,,,,,,,,,,,
Monona,1999-12-07,42.2,,,,,,,,,,,,,,
Monona,2000-02-28,41.3,,,,,,,,,,,,,,
Monona,2000-04-28,45.3,,,,,,,,,,,,,,
Monona,2000-05-26,45.1,,,,,,,,,,,,,,
Monona,2000-06-27,39.0,,,,,,,,,,,,,,
Monona,2000-07-12,37.5,,,,,,,,,,,,,,
Monona,2000-08-07,36.9,,,,,,,,,,,,,,
Monona,2000-09-05,36.3,,,,,,,,,,,,,,
Monona,2000-10-30,41.4,,,,,,,,,,,,,,
Monona,2000-11-28,42.1,,,,,,,,,,,,,,
Monona,2001-01-23,42.2,,,,,,,,,,,,,,
Monona,2001-03-22,44.0,,,,,,,,,,,,,,
Monona,2001-04-03,45.3,,,,,,,,,,,,,,
Monona,2001-05-30,46.5,,,,,,,,,,,,,,
Monona,2001-05-30,46.7,,,,,,,,,,,,,,
Monona,2001-06-26,45.5,,,,,,,,,,,,,,
Monona,2001-07-30,45.1,,,,,,,,,,,,,,
Monona,2001-10-30,40.7,,,,,,,,,,,,,,
Monona,2001-11-29,43.0,,,,,,,,,,,,,,
Monona,2001-12-11,43.3,,,,,,,,,,,,,,
Monona,2002-01-28,43.8,,,,,,,,,,,,,,
Monona,2002-02-28,43.4,,,,,,,,,,,,,,
Monona,2002-03-27,47.5,,,,,,,,,,,,,,
Monona,2002-04-29,46.9,,,,,,,,,,,,,,
Monona,2002-05-30,46.3,,,,,,,,,,,,,,
Monona,2002-06-25,45.1,,,,,,,,,,,,,,
Monona,2002-07-31,45.8,,,,,,,,,,,,,,
Monona,2002-08-26,46.0,,,,,,,,,,,,,,
Monona,2002-09-23,46.8,,,,,,,,,,,,,,
Monona,2002-10-28,43.1,,,,,,,,,,,,,,
Monona,2002-11-25,46.7,,,,,,,,,,,,,,
Monona,2002-12-11,47.2,,,,,,,,,,,,,,
Monona,2003-01-08,46.9,,,,,,,,,,,,,,
Monona,2003-02-19,46.9,,,,,,,,,,,,,,
Monona,2003-03-17,47.6,,,,,,,,,,,,,,
Monona,2003-04-29,50.7,,,,,,,,,,,,,,
Monona,2003-05-29,46.8,,,,,,,,,,,,,,
Monona,2003-06-23,47.5,,,,,,,,,,,,,,
Monona,2003-07-29,47.6,,,,,,,,,,,,,,
Monona,2003-08-27,48.6,,,,,,,,,,,,,,
Monona,2003-09-11,50.9,,,,,,,,,,,,,,
Monona,2003-10-27,47.2,,,,,,,,,,,,,,
Monona,2003-11-24,45.0,,,,,,,,,,,,,,
Monona,2003-12-29,43.6,,,,,,,,,,,,,,
Monona,2004-01-21,47.5,,,,,,,,,,,,,,
Monona,2004-02-18,47.4,,,,,,,,,,,,,,
Monona,2004-03-30,48.7,,,,,,,,,,,,,,
Monona,2004-04-26,48.3,,,,,,,,,,,,,,
Monona,2004-05-12,57.3,,,,,,,,,,,,,,
Monona,2004-06-15,43.6,,,,,,,,,,,,,,
Monona,2004-07-15,46.0,,,,,,,,,,,,,,
Monona,2004-08-23,41.5,,,,,,,,,,,,,,
Monona,2004-09-13,41.6,,,,,,,,,,,,,,
Monona,2004-10-25,42.1,,,,,,,,,,,,,,
Monona,2004-11-22,46.8,,,,,,,,,,,,,,
Monona,2004-12-13,44.4,,,,,,,,,,,,,,
Monona,2005-01-25,46.2,,,,,,,,,,,,,,
Monona,2005-02-23,47.8,,,,,,,,,,,,,,
Monona,2005-03-16,48.7,,,,,,,,,,,,,,
Monona,2005-04-25,51.5,,,,,,,,,,,,,,
Monona,2005-05-23,50.8,,,,,,,,,,,,,,
Monona,2005-06-30,52.7,,,,,,,,,,,,,,
Monona,2005-07-27,55.5,,,,,,,,,,,,,,
Monona,2005-08-23,53.6,,,,,,,,,,,,,,
Monona,2005-09-27,53.3,,,,,,,,,,,,,,
Monona,2005-10-25,53.8,,,,,,,,,,,,,,
Monona,2005-11-30,53.5,,,,,,,,,,,,,,
Monona,2005-12-27,59.1,,,,,,,,,,,,,,
Monona,2005-12-27,53.8,,,,,,,,,,,,,,
Monona,2006-01-24,50.7,,,,,,,,,,,,,,
Monona,2006-02-22,54.8,,,,,,,,,,,,,,
Monona,2006-03-27,67.5,,,,,,,,,,,,,,
Monona,2006-05-30,52.1,,,,,,,,,,,,,,
Monona,2006-06-12,52.5,,,,,,,,,,,,,,
Monona,2006-07-17,52.0,,,,,,,,,,,,,,
Monona,2006-08-14,51.6,,,,,,,,,,,,,,
Monona,2006-09-25,50.3,,,,,,,,,,,,,,
Monona,2006-10-25,50.3,,,,,,,,,,,,,,
Monona,2006-11-20,48.9,,,,,,,,,,,,,,
Monona,2006-12-14,47.9,,,,,,,,,,,,,,
Monona,2007-01-24,50.3,,,,,,,,,,,,,,
Monona,2007-02-28,53.1,,,,,,,,,,,,,,
Monona,2007-03-20,52.0,,,,,,,,,,,,,,
Monona,2007-04-17,53.7,,,,,,,,,,,,,,
Monona,2007-06-11,52.2,,,,,,,,,,,,,,
Monona,2007-07-09,52.5,,,,,,,,,,,,,,
Monona,2007-09-04,51.1,,,,,,,,,,,,,,
Monona,2007-10-29,47.4,,,,,,,,,,,,,,
Monona,2007-11-27,46.5,,,,,,,,,,,,,,
Monona,2008-03-13,61.1,,,,,,,,,,,,,,
Monona,2008-04-03,55.6,,,,,,,,,,,,,,
Monona,2008-05-27,60.6,,,,,,,,,,,,,,
Monona,2008-06-11,53.5,,,,,,,,,,,,,,
Monona,2008-07-14,49.7,,,,,,,,,,,,,,
Monona,2008-08-26,51.4,,,,,,,,,,,,,,
Monona,2008-09-29,53.2,,,,,,,,,,,,,,
Monona,2008-10-21,52.5,,,,,,,,,,,,,,
Monona,2008-11-26,53.4,,,,,,,,,,,,,,
Monona,2008-12-11,52.9,,,,,,,,,,,,,,
Monona,2009-01-28,52.2,,,,,,,,,,,,,,
Monona,2009-02-16,55.0,,,,,,,,,,,,,,
Monona,2009-03-16,57.1,,,,,,,,,,,,,,
Monona,2009-04-16,60.6,,,,,,,,,,,,,,
Monona,2009-05-26,57.9,,,,,,,,,,,,,,
Monona,2009-06-15,55.0,,,,,,,,,,,,,,
Monona,2009-07-13,53.3,,,,,,,,,,,,,,
Monona,2009-08-24,56.6,,,,,,,,,,,,,,
Monona,2009-09-08,56.7,,,,,,,,,,,,,,
Monona,2009-10-27,47.3,,,,,,,,,,,,,,
Monona,2009-11-23,51.3,,,,,,,,,,,,,,
Monona,2009-12-28,56.5,,,,,,,,,,,,,,
Monona,2010-01-26,53.6,,,,,,,,,,,,,,
Monona,2010-02-16,54.6,,,,,,,,,,,,,,
Monona,2010-03-15,56.8,,,,,,,,,,,,,,
Monona,2010-04-22,59.5,,,,,,,,,,,,,,
Monona,2010-05-24,61.2,,,,,,,,,,,,,,
Monona,2010-06-30,54.1,,,,,,,,,,,,,,
Monona,2010-07-14,54.0,,,,,,,,,,,,,,
Monona,2010-08-12,56.1,,,,,,,,,,,,,,
Monona,2010-09-09,56.9,,,,,,,,,,,,,,
Monona,2010-10-18,52.6,,,,,,,,,,,,,,
Monona,2010-11-15,55.3,,,,,,,,,,,,,,
Monona,2011-01-25,53.5,,,,,,,,,,,,,,
Monona,2011-02-23,53.5,,,,,,,,,,,,,,
Monona,2011-03-08,54.1,,,,,,,,,,,,,,
Monona,2011-04-28,65.8,,,,,,,,,,,,,,
Monona,2011-05-31,62.1,,,,,,,,,,,,,,
Monona,2011-06-29,61.8,,,,,,,,,,,,,,
Monona,2011-07-25,59.7,,,,,,,,,,,,,,
Monona,2011-08-15,62.6,,,,,,,,,,,,,,
Monona,2011-09-13,61.0,,,,,,,,,,,,,,
Monona,2011-10-03,61.8,,,,,,,,,,,,,,
Monona,2011-11-21,61.6,,,,,,,,,,,,,,
Monona,2011-12-12,59.0,,,,,,,,,,,,,,
Monona,2012-01-09,61.5,,,,,,,,,,,,,,
Monona,2012-02-07,64.0,,,,,,,,,,,,,,
Monona,2012-03-15,61.2,,,,,,,,,,,,,,
Monona,2012-04-24,69.0,,,,,,,,,,,,,,
Monona,2012-05-30,65.2,,,,,,,,,,,,,,
Monona,2012-06-26,66.9,,,,,,,,,,,,,,
Monona,2012-08-02,69.1,,,,,,,,,,,,,,
Monona,2012-08-20,70.3,,,,,,,,,,,,,,
Monona,2012-09-24,68.6,,,,,,,,,,,,,,
Monona,2012-10-30,67.4,,,,,,,,,,,,,,
Monona,2012-11-28,64.8,,,,,,,,,,,,,,
Monona,2012-12-17,65.2,,,,,,,,,,,,,,
Monona,2013-02-04,68.0,,,,,,,,,,,,,,
Monona,2013-02-18,70.2,,,,,,,,,,,,,,
Monona,2013-03-14,78.3,,,,,,,,,,,,,,
Monona,2013-05-08,78.6,,,,,,,,,,,,,,
Monona,2013-06-19,71.3,,,,,,,,,,,,,,
Monona,2013-07-16,65.2,,,,,,,,,,,,,,
Monona,2013-08-14,63.1,,,,,,,,,,,,,,
Monona,2013-09-10,65.4,,,,,,,,,,,,,,
Monona,2013-10-24,68.7,,,,,,,,,,,,,,
Monona,2013-12-02,66.4,,,,,,,,,,,,,,
Monona,2013-12-18,68.4,,,,,,,,,,,,,,
Monona,2014-02-24,68.1,,,,,,,,,,,,,,
Monona,2014-03-20,70.2,,,,,,,,,,,,,,
Monona,2014-04-17,76.9,,,,,,,,,,,,,,
Monona,2014-06-25,68.4,,,,,,,,,,,,,,
Monona,2014-07-17,69.5,,,,,,,,,,,,,,
Monona,2014-08-14,66.3,,,,,,,,,,,,,,
Monona,2014-09-08,66.3,,,,,,,,,,,,,,
Monona,2014-10-29,69.4,,,,,,,,,,,,,,
Monona,2014-12-11,67.3,,,,,,,,,,,,,,
Monona,2015-01-27,67.0,,,,,,,,,,,,,,
Monona,2015-02-17,68.8,,,,,,,,,,,,,,
Monona,2015-04-27,73.6,,,,,,,,,,,,,,
Monona,2015-06-02,71.1,,,,,,,,,,,,,,
Monona,2015-07-08,65.1,,,,,,,,,,,,,,
Monona,2015-08-04,68.3,,,,,,,,,,,,,,
Monona,2015-09-24,67.8,,,,,,,,,,,,,,
Monona,2015-10-15,67.0,,,,,,,,,,,,,,
Monona,2016-02-25,64.6,,,,,,,,,,,,,,
Monona,2016-03-29,69.4,,,,,,,,,,,,,,
Monona,2016-04-12,71.2,,,,,,,,,,,,,,
Monona,2016-06-02,66.8,,,,,,,,,,,,,,
Monona,2016-06-28,67.1,,,,,,,,,,,,,,
Monona,2016-07-26,68.1,,,,,,,,,,,,,,
Monona,2016-08-22,68.3,,,,,,,,,,,,,,
Monona,2016-09-26,65.2,,,,,,,,,,,,,,
Monona,2016-10-24,61.6,,,,,,,,,,,,,,
Monona,2016-12-01,59.4,,,,,,,,,,,,,,
Monona,2016-12-20,58.4,,,,,,,,,,,,,,
Monona,2017-01-30,58.9,,,,,,,,,,,,,,
Monona,2017-03-06,64.5,,,,,,,,,,,,,,
Monona,2017-04-18,76.1,,,,,,,,,,,,,,
Monona,2017-05-31,71.3,,,,,,,,,,,,,,
Monona,2017-06-26,70.7,,,,,,,,,,,,,,
Monona,2017-07-24,65.4,,,,,,,,,,,,,,
Monona,2017-08-23,64.8,,,,,,,,,,,,,,
Monona,2017-10-02,65.3,,,,,,,,,,,,,,
Monona,2017-10-19,63.5,,,,,,,,,,,,,,
Monona,2017-12-19,68.2,,,,,,,,,,,,,,
Monona,2018-01-30,66.5,,,,,,,,,,,,,,
Monona,2018-02-27,67.1,,,,,,,,,,,,,,
Monona,2018-04-30,70.2,,,,,,,,,,,,,,
Monona,2018-05-29,70.7,,,,,,,,,,,,,,
Monona,2018-06-28,64.6,,,,,,,,,,,,,,
Monona,2018-07-24,63.7,,,,,,,,,,,,,,
Monona,2018-08-27,58.6,,,,,,,,,,,,,,
Monona,2018-09-11,57.2,,,,,,,,,,,,,,
Monona,2018-11-27,59.6,,,,,,,,,,,,,,
Monona,2018-12-18,57.3,,,,,,,,,,,,,,
Monona,2019-02-26,64.3,,,,,,,,,,,,,,
Monona,2019-04-03,79.7,,,,,,,,,,,,,,
Monona,2019-06-03,67.8,,,,,,,,,,,,,,
Monona,2019-12-03,64.4,,,,,,,,,,,,,,
Monona,2019-12-19,65.7,,,,,,,,,,,,,,
Monona,2020-01-30,63.4,,,,,,,,,,,,,,
Monona,2020-03-16,65.4,,,,,,,,,,,,,,
Monona,2020-06-15,70.1,,,,,,,,,,,,,,
Monona,2020-07-13,69.5,,,,,,,,,,,,,,
Monona,2020-08-13,65.2,,,,,,,,,,,,,,
Monona,2021-09-23,72.1,,,,,,,,,,,,,,
Monona,2022-02-01,74.0,,,,,,,,,,,,,,
Monona,2022-02-28,71.4,,,,,,,,,,,,,,
Monona,2022-04-21,81.7,,,,,,,,,,,,,,
Monona,2022-05-23,78.1,,,,,,,,,,,,,,
Monona,2022-06-27,77.4,,,,,,,,,,,,,,
Monona,2022-07-26,73.1,,,,,,,,,,,,,,
Monona,2022-08-15,69.4,,,,,,,,,,,,,,
Monona,2022-10-27,81.9,,,,,,,,,,,,,,
Monona,2023-02-02,74.8,,,,,,,,,,,,,,
Monona,2023-04-10,80.4,,,,,,,,,,,,,,
Monona,2023-07-03,84.1,,,,,,,,,,,,,,
Monona,2023-08-30,79.8,,,,,,,,,,,,,,
Monona,2023-10-02,79.2,,,,,,,,,,,,,,
Monona,2024-04-10,67.1,,,,,,,,,,,,,,
Monona,2024-06-27,70.7,,,,,,,,,,,,,,
Monona,2024-07-17,68,,,,,,,,,,,,,,
Monona,2024-08-28,65.3,,,,,,,,,,,,,,
Monona,2024-08-28,32.6,,,,,,,,,,,,,,
Monona,2024-09-18,67.3,,,,,,,,,,,,,,
Mendota,1975-01-02,16.0,,,,,,,,,,,,,,
Mendota,1975-02-03,15.8,,,,,,,,,,,,,,
Mendota,1975-03-05,16.0,,,,,,,,,,,,,,
Mendota,1975-03-28,13.0,,,,,,,,,,,,,,
Mendota,1975-04-04,10.0,,,,,,,,,,,,,,
Mendota,1975-04-18,9.0,,,,,,,,,,,,,,
Mendota,1975-05-02,16.0,,,,,,,,,,,,,,
Mendota,1975-06-17,15.5,,,,,,,,,,,,,,
Mendota,1975-07-01,15.0,,,,,,,,,,,,,,
Mendota,1975-08-07,15.5,,,,,,,,,,,,,,
Mendota,1975-08-28,15.0,,,,,,,,,,,,,,
Mendota,1975-09-02,15.5,,,,,,,,,,,,,,
Mendota,1975-10-06,15.0,,,,,,,,,,,,,,
Mendota,1975-11-05,15.8,,,,,,,,,,,,,,
Mendota,1975-12-01,15.8,,,,,,,,,,,,,,
Mendota,1976-01-02,15.2,,,,,,,,,,,,,,
Mendota,1976-02-04,17.0,,,,,,,,,,,,,,
Mendota,1976-03-01,14.0,,,,,,,,,,,,,,
Mendota,1976-04-02,15.2,,,,,,,,,,,,,,
Mendota,1976-05-04,14.5,,,,,,,,,,,,,,
Mendota,1976-06-02,15.5,,,,,,,,,,,,,,
Mendota,1976-07-01,16.0,,,,,,,,,,,,,,
Mendota,1976-08-01,15.5,,,,,,,,,,,,,,
Mendota,1976-09-01,16.0,,,,,,,,,,,,,,
Mendota,1976-10-01,16.0,,,,,,,,,,,,,,
Mendota,1976-11-01,15.0,,,,,,,,,,,,,,
Mendota,1976-12-01,19.0,,,,,,,,,,,,,,
Mendota,1977-01-04,18.0,,,,,,,,,,,,,,
Mendota,1977-02-02,19.0,,,,,,,,,,,,,,
Mendota,1977-03-01,16.0,,,,,,,,,,,,,,
Mendota,1977-04-01,16.0,,,,,,,,,,,,,,
Mendota,1977-05-04,16.0,,,,,,,,,,,,,,
Mendota,1977-06-01,16.0,,,,,,,,,,,,,,
Mendota,1977-07-01,15.0,,,,,,,,,,,,,,
Mendota,1977-08-01,13.5,,,,,,,,,,,,,,
Mendota,1977-09-01,16.0,,,,,,,,,,,,,,
Mendota,1977-10-01,16.0,,,,,,,,,,,,,,
Mendota,1977-11-01,16.0,,,,,,,,,,,,,,
Mendota,1977-12-01,18.0,,,,,,,,,,,,,,
Mendota,1978-01-01,20.0,,,,,,,,,,,,,,
Mendota,1978-02-01,18.0,,,,,,,,,,,,,,
Mendota,1978-03-01,20.0,,,,,,,,,,,,,,
Mendota,1978-04-01,12.0,,,,,,,,,,,,,,
Mendota,1978-05-01,18.0,,,,,,,,,,,,,,
Mendota,1978-06-01,17.0,,,,,,,,,,,,,,
Mendota,1978-07-01,18.0,,,,,,,,,,,,,,
Mendota,1978-08-01,15.0,,,,,,,,,,,,,,
Mendota,1978-09-01,23.0,,,,,,,,,,,,,,
Mendota,1978-10-01,25.0,,,,,,,,,,,,,,
Mendota,1978-11-01,18.0,,,,,,,,,,,,,,
Mendota,1978-12-01,16.5,,,,,,,,,,,,,,
Mendota,1979-01-01,16.0,,,,,,,,,,,,,,
Mendota,1979-02-01,17.8,,,,,,,,,,,,,,
Mendota,1979-03-01,17.5,,,,,,,,,,,,,,
Mendota,1979-04-01,13.5,,,,,,,,,,,,,,
Mendota,1979-05-01,16.8,,,,,,,,,,,,,,
Mendota,1979-06-01,17.4,,,,,,,,,,,,,,
Mendota,1979-07-01,15.9,,,,,,,,,,,,,,
Mendota,1979-08-01,16.7,,,,,,,,,,,,,,
Mendota,1979-09-01,16.8,,,,,,,,,,,,,,
Mendota,1979-10-01,16.7,,,,,,,,,,,,,,
Mendota,1979-11-01,16.9,,,,,,,,,,,,,,
Mendota,1979-12-01,16.8,,,,,,,,,,,,,,
Mendota,1980-01-01,17.6,,,,,,,,,,,,,,
Mendota,1980-02-01,17.9,,,,,,,,,,,,,,
Mendota,1980-03-01,17.9,,,,,,,,,,,,,,
Mendota,1980-04-01,22.0,,,,,,,,,,,,,,
Mendota,1980-05-01,19.0,,,,,,,,,,,,,,
Mendota,1980-06-01,18.0,,,,,,,,,,,,,,
Mendota,1980-07-01,19.0,,,,,,,,,,,,,,
Mendota,1980-08-01,17.0,,,,,,,,,,,,,,
Mendota,1980-09-01,17.0,,,,,,,,,,,,,,
Mendota,1980-10-01,18.0,,,,,,,,,,,,,,
Mendota,1980-11-01,18.7,,,,,,,,,,,,,,
Mendota,1980-12-01,18.7,,,,,,,,,,,,,,
Mendota,1981-01-01,19.8,,,,,,,,,,,,,,
Mendota,1981-02-01,19.7,,,,,,,,,,,,,,
Mendota,1981-03-01,17.1,,,,,,,,,,,,,,
Mendota,1981-04-01,19.1,,,,,,,,,,,,,,
Mendota,1981-05-01,18.2,,,,,,,,,,,,,,
Mendota,1981-06-01,19.0,,,,,,,,,,,,,,
Mendota,1981-07-01,19.0,,,,,,,,,,,,,,
Mendota,1981-08-01,18.5,,,,,,,,,,,,,,
Mendota,1981-11-01,17.5,,,,,,,,,,,,,,
Mendota,1981-12-01,19.0,,,,,,,,,,,,,,
Mendota,1982-01-20,20.0,,,,,,,,,,,,,,
Mendota,1982-02-02,20.5,,,,,,,,,,,,,,
Mendota,1982-03-02,20.5,,,,,,,,,,,,,,
Mendota,1982-04-06,26.0,,,,,,,,,,,,,,
Mendota,1982-05-03,20.5,,,,,,,,,,,,,,
Mendota,1982-06-01,19.5,,,,,,,,,,,,,,
Mendota,1982-07-06,19.5,,,,,,,,,,,,,,
Mendota,1982-08-02,19.5,,,,,,,,,,,,,,
Mendota,1982-10-04,19.8,,,,,,,,,,,,,,
Mendota,1982-11-01,19.0,,,,,,,,,,,,,,
Mendota,1982-12-02,18.0,,,,,,,,,,,,,,
Mendota,1983-01-01,14.0,,,,,,,,,,,,,,
Mendota,1983-02-01,20.5,,,,,,,,,,,,,,
Mendota,1983-03-01,18.0,,,,,,,,,,,,,,
Mendota,1983-04-01,19.5,,,,,,,,,,,,,,
Mendota,1983-05-01,20.5,,,,,,,,,,,,,,
Mendota,1983-06-01,19.0,,,,,,,,,,,,,,
Mendota,1983-07-01,18.0,,,,,,,,,,,,,,
Mendota,1983-08-01,20.0,,,,,,,,,,,,,,
Mendota,1983-09-01,20.0,,,,,,,,,,,,,,
Mendota,1983-10-01,21.2,,,,,,,,,,,,,,
Mendota,1983-11-01,20.5,,,,,,,,,,,,,,
Mendota,1983-12-01,20.0,,,,,,,,,,,,,,
Mendota,1984-01-01,21.0,,,,,,,,,,,,,,
Mendota,1984-02-01,22.0,,,,,,,,,,,,,,
Mendota,1984-03-01,18.0,,,,,,,,,,,,,,
Mendota,1984-04-01,17.5,,,,,,,,,,,,,,
Mendota,1984-05-01,20.8,,,,,,,,,,,,,,
Mendota,1984-06-01,20.0,,,,,,,,,,,,,,
Mendota,1984-07-01,19.0,,,,,,,,,,,,,,
Mendota,1984-08-01,19.0,,,,,,,,,,,,,,
Mendota,1984-09-01,20.0,,,,,,,,,,,,,,
Mendota,1984-10-01,20.0,,,,,,,,,,,,,,
Mendota,1984-11-01,19.0,,,,,,,,,,,,,,
Mendota,1984-12-01,20.0,,,,,,,,,,,,,,
Mendota,1985-01-01,20.0,,,,,,,,,,,,,,
Mendota,1985-02-01,21.0,,,,,,,,,,,,,,
Mendota,1985-03-01,20.0,,,,,,,,,,,,,,
Mendota,1985-04-01,20.0,,,,,,,,,,,,,,
Mendota,1985-05-01,20.0,,,,,,,,,,,,,,
Mendota,1985-06-01,22.0,,,,,,,,,,,,,,
Mendota,1985-07-01,21.0,,,,,,,,,,,,,,
Mendota,1985-08-01,21.0,,,,,,,,,,,,,,
Mendota,1985-09-01,22.0,,,,,,,,,,,,,,
Mendota,1985-10-01,20.0,,,,,,,,,,,,,,
Mendota,1985-11-01,21.0,,,,,,,,,,,,,,
Mendota,1985-12-01,20.0,,,,,,,,,,,,,,
Mendota,1986-01-01,24.0,,,,,,,,,,,,,,
Mendota,1986-02-01,24.0,,,,,,,,,,,,,,
Mendota,1986-03-01,23.0,,,,,,,,,,,,,,
Mendota,1986-04-01,22.0,,,,,,,,,,,,,,
Mendota,1986-05-01,23.0,,,,,,,,,,,,,,
Mendota,1986-06-01,22.0,,,,,,,,,,,,,,
Mendota,1986-07-01,23.0,,,,,,,,,,,,,,
Mendota,1986-08-01,21.0,,,,,,,,,,,,,,
Mendota,1986-09-01,21.0,,,,,,,,,,,,,,
Mendota,1986-10-01,23.0,,,,,,,,,,,,,,
Mendota,1986-11-01,22.0,,,,,,,,,,,,,,
Mendota,1986-12-01,19.0,,,,,,,,,,,,,,
Mendota,1987-01-05,22.0,,,,,,,,,,,,,,
Mendota,1987-02-02,24.0,,,,,,,,,,,,,,
Mendota,1987-03-02,23.0,,,,,,,,,,,,,,
Mendota,1987-04-08,24.0,,,,,,,,,,,,,,
Mendota,1987-05-04,25.0,,,,,,,,,,,,,,
Mendota,1987-06-01,25.0,,,,,,,,,,,,,,
Mendota,1987-07-01,22.0,,,,,,,,,,,,,,
Mendota,1987-08-03,23.0,,,,,,,,,,,,,,
Mendota,1987-09-01,23.0,,,,,,,,,,,,,,
Mendota,1987-10-01,24.0,,,,,,,,,,,,,,
Mendota,1987-11-01,28.0,,,,,,,,,,,,,,
Mendota,1987-12-01,25.0,,,,,,,,,,,,,,
Mendota,1988-01-01,25.2,,,,,,,,,,,,,,
Mendota,1988-02-01,28.6,,,,,,,,,,,,,,
Mendota,1988-03-01,26.7,,,,,,,,,,,,,,
Mendota,1988-04-01,24.5,,,,,,,,,,,,,,
Mendota,1988-05-01,24.3,,,,,,,,,,,,,,
Mendota,1988-06-01,26.5,,,,,,,,,,,,,,
Mendota,1988-07-01,25.3,,,,,,,,,,,,,,
Mendota,1988-08-01,25.9,,,,,,,,,,,,,,
Mendota,1988-09-01,27.5,,,,,,,,,,,,,,
Mendota,1988-10-01,26.2,,,,,,,,,,,,,,
Mendota,1988-11-01,23.8,,,,,,,,,,,,,,
Mendota,1988-12-01,23.6,,,,,,,,,,,,,,
Mendota,1989-01-01,26.4,,,,,,,,,,,,,,
Mendota,1989-02-01,26.4,,,,,,,,,,,,,,
Mendota,1989-03-01,30.2,,,,,,,,,,,,,,
Mendota,1989-04-01,27.4,,,,,,,,,,,,,,
Mendota,1989-05-01,27.6,,,,,,,,,,,,,,
Mendota,1989-06-01,27.2,,,,,,,,,,,,,,
Mendota,1989-07-01,27.4,,,,,,,,,,,,,,
Mendota,1989-08-01,22.6,,,,,,,,,,,,,,
Mendota,1989-09-01,23.6,,,,,,,,,,,,,,
Mendota,1989-10-01,25.8,,,,,,,,,,,,,,
Mendota,1989-11-01,27.1,,,,,,,,,,,,,,
Mendota,1989-12-01,29.3,,,,,,,,,,,,,,
Mendota,1990-01-01,27.6,,,,,,,,,,,,,,
Mendota,1990-02-01,28.2,,,,,,,,,,,,,,
Mendota,1990-03-01,29.1,,,,,,,,,,,,,,
Mendota,1990-04-01,26.9,,,,,,,,,,,,,,
Mendota,1990-05-01,27.9,,,,,,,,,,,,,,
Mendota,1990-06-01,29.5,,,,,,,,,,,,,,
Mendota,1990-07-01,28.2,,,,,,,,,,,,,,
Mendota,1990-08-01,25.2,,,,,,,,,,,,,,
Mendota,1990-09-01,27.5,,,,,,,,,,,,,,
Mendota,1990-11-01,26.2,,,,,,,,,,,,,,
Mendota,1990-12-01,26.7,,,,,,,,,,,,,,
Mendota,1991-01-03,30.0,,,,,,,,,,,,,,
Mendota,1991-02-03,31.7,,,,,,,,,,,,,,
Mendota,1991-03-03,23.3,,,,,,,,,,,,,,
Mendota,1991-04-03,28.0,,,,,,,,,,,,,,
Mendota,1991-05-03,30.6,,,,,,,,,,,,,,
Mendota,1991-06-03,31.1,,,,,,,,,,,,,,
Mendota,1991-07-03,29.1,,,,,,,,,,,,,,
Mendota,1991-08-03,29.7,,,,,,,,,,,,,,
Mendota,1991-09-03,30.5,,,,,,,,,,,,,,
Mendota,1991-10-03,31.3,,,,,,,,,,,,,,
Mendota,1991-11-03,29.9,,,,,,,,,,,,,,
Mendota,1991-12-03,29.0,,,,,,,,,,,,,,
Mendota,1992-01-03,28.9,,,,,,,,,,,,,,
Mendota,1992-02-03,30.8,,,,,,,,,,,,,,
Mendota,1992-03-03,28.5,,,,,,,,,,,,,,
Mendota,1992-04-03,29.7,,,,,,,,,,,,,,
Mendota,1992-05-03,28.6,,,,,,,,,,,,,,
Mendota,1992-06-03,28.6,,,,,,,,,,,,,,
Mendota,1992-07-03,32.9,,,,,,,,,,,,,,
Mendota,1992-08-03,32.1,,,,,,,,,,,,,,
Mendota,1992-09-03,31.9,,,,,,,,,,,,,,
Mendota,1992-10-03,30.6,,,,,,,,,,,,,,
Mendota,1992-11-03,31.4,,,,,,,,,,,,,,
Mendota,1992-12-03,31.7,,,,,,,,,,,,,,
Mendota,1993-02-03,31.8,,,,,,,,,,,,,,
Mendota,1993-03-03,27.2,,,,,,,,,,,,,,
Mendota,1993-07-03,31.4,,,,,,,,,,,,,,
Mendota,1993-10-03,32.2,,,,,,,,,,,,,,
Mendota,1993-11-03,32.0,,,,,,,,,,,,,,
Mendota,1993-12-03,32.8,,,,,,,,,,,,,,
Mendota,1994-02-22,31.8,,,,,,,,,,,,,,
Mendota,1994-03-17,33.7,,,,,,,,,,,,,,
Mendota,1994-06-07,33.4,,,,,,,,,,,,,,
Mendota,1994-07-26,33.3,,,,,,,,,,,,,,
Mendota,1994-08-09,34.2,,,,,,,,,,,,,,
Mendota,1994-09-29,31.9,,,,,,,,,,,,,,
Mendota,1994-10-13,31.7,,,,,,,,,,,,,,
Mendota,1994-11-17,30.9,,,,,,,,,,,,,,
Mendota,1994-12-19,31.1,,,,,,,,,,,,,,
Mendota,1996-01-23,34.2,,,,,,,,,,,,,,
Mendota,1996-03-04,32.4,,,,,,,,,,,,,,
Mendota,1996-04-10,33.6,,,,,,,,,,,,,,
Mendota,1996-05-13,33.8,,,,,,,,,,,,,,
Mendota,1996-06-27,31.8,,,,,,,,,,,,,,
Mendota,1996-09-24,33.7,,,,,,,,,,,,,,
Mendota,1996-11-26,35.9,,,,,,,,,,,,,,
Mendota,1996-12-16,34.5,,,,,,,,,,,,,,
Mendota,1997-01-08,35.5,,,,,,,,,,,,,,
Mendota,1997-02-06,34.5,,,,,,,,,,,,,,
Mendota,1997-03-12,35.8,,,,,,,,,,,,,,
Mendota,1997-04-04,38.0,,,,,,,,,,,,,,
Mendota,1997-05-12,28.9,,,,,,,,,,,,,,
Mendota,1997-06-23,34.1,,,,,,,,,,,,,,
Mendota,1997-07-24,32.8,,,,,,,,,,,,,,
Mendota,1997-09-30,38.3,,,,,,,,,,,,,,
Mendota,1997-11-11,38.3,,,,,,,,,,,,,,
Mendota,1998-06-23,33.5,,,,,,,,,,,,,,
Mendota,1998-07-15,32.6,,,,,,,,,,,,,,
Mendota,1998-09-01,32.0,,,,,,,,,,,,,,
Mendota,1998-10-08,35.1,,,,,,,,,,,,,,
Mendota,1998-12-02,32.8,,,,,,,,,,,,,,
Mendota,1999-02-15,32.5,,,,,,,,,,,,,,
Mendota,1999-03-04,33.6,,,,,,,,,,,,,,
Mendota,1999-05-04,34.0,,,,,,,,,,,,,,
Mendota,1999-07-27,32.6,,,,,,,,,,,,,,
Mendota,1999-08-30,33.1,,,,,,,,,,,,,,
Mendota,1999-09-20,33.7,,,,,,,,,,,,,,
Mendota,1999-10-27,34.2,,,,,,,,,,,,,,
Mendota,1999-12-07,33.9,,,,,,,,,,,,,,
Mendota,2000-01-18,35.6,,,,,,,,,,,,,,
Mendota,2000-02-28,27.4,,,,,,,,,,,,,,
Mendota,2000-04-28,34.0,,,,,,,,,,,,,,
Mendota,2000-05-26,33.1,,,,,,,,,,,,,,
Mendota,2000-06-27,30.4,,,,,,,,,,,,,,
Mendota,2000-07-12,31.0,,,,,,,,,,,,,,
Mendota,2000-08-07,30.3,,,,,,,,,,,,,,
Mendota,2000-09-05,30.7,,,,,,,,,,,,,,
Mendota,2000-10-30,34.1,,,,,,,,,,,,,,
Mendota,2000-11-28,34.6,,,,,,,,,,,,,,
Mendota,2001-01-23,36.4,,,,,,,,,,,,,,
Mendota,2001-03-22,34.5,,,,,,,,,,,,,,
Mendota,2001-04-03,31.8,,,,,,,,,,,,,,
Mendota,2001-05-30,36.5,,,,,,,,,,,,,,
Mendota,2001-06-26,36.0,,,,,,,,,,,,,,
Mendota,2001-07-30,36.6,,,,,,,,,,,,,,
Mendota,2001-10-30,35.1,,,,,,,,,,,,,,
Mendota,2001-11-29,35.0,,,,,,,,,,,,,,
Mendota,2001-12-11,35.0,,,,,,,,,,,,,,
Mendota,2002-01-28,34.3,,,,,,,,,,,,,,
Mendota,2002-02-28,36.7,,,,,,,,,,,,,,
Mendota,2002-03-27,35.2,,,,,,,,,,,,,,
Mendota,2002-04-29,36.1,,,,,,,,,,,,,,
Mendota,2002-05-30,35.3,,,,,,,,,,,,,,
Mendota,2002-06-25,35.4,,,,,,,,,,,,,,
Mendota,2002-07-31,36.0,,,,,,,,,,,,,,
Mendota,2002-08-26,36.2,,,,,,,,,,,,,,
Mendota,2002-09-23,36.5,,,,,,,,,,,,,,
Mendota,2002-10-28,36.6,,,,,,,,,,,,,,
Mendota,2002-11-25,37.0,,,,,,,,,,,,,,
Mendota,2002-12-11,37.6,,,,,,,,,,,,,,
Mendota,2003-01-08,37.3,,,,,,,,,,,,,,
Mendota,2003-04-29,38.2,,,,,,,,,,,,,,
Mendota,2003-05-29,37.5,,,,,,,,,,,,,,
Mendota,2003-06-23,38.8,,,,,,,,,,,,,,
Mendota,2003-07-29,35.8,,,,,,,,,,,,,,
Mendota,2003-08-27,39.5,,,,,,,,,,,,,,
Mendota,2003-09-11,39.4,,,,,,,,,,,,,,
Mendota,2003-10-27,38.9,,,,,,,,,,,,,,
Mendota,2003-11-24,34.7,,,,,,,,,,,,,,
Mendota,2003-12-29,35.0,,,,,,,,,,,,,,
Mendota,2004-01-21,38.6,,,,,,,,,,,,,,
Mendota,2004-02-18,41.0,,,,,,,,,,,,,,
Mendota,2004-03-30,38.9,,,,,,,,,,,,,,
Mendota,2004-04-26,36.6,,,,,,,,,,,,,,
Mendota,2004-05-12,39.2,,,,,,,,,,,,,,
Mendota,2004-06-15,34.0,,,,,,,,,,,,,,
Mendota,2004-07-15,36.5,,,,,,,,,,,,,,
Mendota,2004-08-23,34.1,,,,,,,,,,,,,,
Mendota,2004-09-13,34.2,,,,,,,,,,,,,,
Mendota,2004-10-25,34.7,,,,,,,,,,,,,,
Mendota,2004-11-22,38.4,,,,,,,,,,,,,,
Mendota,2004-12-13,35.5,,,,,,,,,,,,,,
Mendota,2005-01-25,38.1,,,,,,,,,,,,,,
Mendota,2005-02-23,34.8,,,,,,,,,,,,,,
Mendota,2005-03-16,35.3,,,,,,,,,,,,,,
Mendota,2005-04-25,36.5,,,,,,,,,,,,,,
Mendota,2005-05-23,36.2,,,,,,,,,,,,,,
Mendota,2005-06-30,37.0,,,,,,,,,,,,,,
Mendota,2005-07-27,38.0,,,,,,,,,,,,,,
Mendota,2005-08-23,40.2,,,,,,,,,,,,,,
Mendota,2005-09-27,36.9,,,,,,,,,,,,,,
Mendota,2005-10-25,40.0,,,,,,,,,,,,,,
Mendota,2005-11-30,38.4,,,,,,,,,,,,,,
Mendota,2005-12-27,38.7,,,,,,,,,,,,,,
Mendota,2006-01-24,37.7,,,,,,,,,,,,,,
Mendota,2006-03-27,38.3,,,,,,,,,,,,,,
Mendota,2006-05-30,36.9,,,,,,,,,,,,,,
Mendota,2006-06-12,39.9,,,,,,,,,,,,,,
Mendota,2006-07-17,40.8,,,,,,,,,,,,,,
Mendota,2006-08-14,40.8,,,,,,,,,,,,,,
Mendota,2006-09-25,39.9,,,,,,,,,,,,,,
Mendota,2006-10-25,37.8,,,,,,,,,,,,,,
Mendota,2006-11-20,37.8,,,,,,,,,,,,,,
Mendota,2006-12-14,36.4,,,,,,,,,,,,,,
Mendota,2007-01-24,38.7,,,,,,,,,,,,,,
Mendota,2007-02-28,40.5,,,,,,,,,,,,,,
Mendota,2007-03-20,37.7,,,,,,,,,,,,,,
Mendota,2007-04-17,40.4,,,,,,,,,,,,,,
Mendota,2007-06-11,38.6,,,,,,,,,,,,,,
Mendota,2007-07-09,41.8,,,,,,,,,,,,,,
Mendota,2007-09-04,36.6,,,,,,,,,,,,,,
Mendota,2007-10-29,37.7,,,,,,,,,,,,,,
Mendota,2008-02-26,43.6,,,,,,,,,,,,,,
Mendota,2008-03-13,41.1,,,,,,,,,,,,,,
Mendota,2008-04-03,39.3,,,,,,,,,,,,,,
Mendota,2008-05-27,43.5,,,,,,,,,,,,,,
Mendota,2008-06-11,42.2,,,,,,,,,,,,,,
Mendota,2008-07-14,39.5,,,,,,,,,,,,,,
Mendota,2008-08-26,39.5,,,,,,,,,,,,,,
Mendota,2008-09-29,41.8,,,,,,,,,,,,,,
Mendota,2008-09-29,41.8,,,,,,,,,,,,,,
Mendota,2008-10-21,40.2,,,,,,,,,,,,,,
Mendota,2008-11-26,41.8,,,,,,,,,,,,,,
Mendota,2008-12-11,41.4,,,,,,,,,,,,,,
Mendota,2009-01-28,45.9,,,,,,,,,,,,,,
Mendota,2009-02-16,38.9,,,,,,,,,,,,,,
Mendota,2009-03-16,39.2,,,,,,,,,,,,,,
Mendota,2009-04-16,43.5,,,,,,,,,,,,,,
Mendota,2009-05-26,44.9,,,,,,,,,,,,,,
Mendota,2009-06-15,43.8,,,,,,,,,,,,,,
Mendota,2009-07-13,43.3,,,,,,,,,,,,,,
Mendota,2009-08-24,43.7,,,,,,,,,,,,,,
Mendota,2009-09-08,45.4,,,,,,,,,,,,,,
Mendota,2009-10-27,44.2,,,,,,,,,,,,,,
Mendota,2009-11-23,46.1,,,,,,,,,,,,,,
Mendota,2009-12-28,45.4,,,,,,,,,,,,,,
Mendota,2010-01-26,44.5,,,,,,,,,,,,,,
Mendota,2010-02-16,47.8,,,,,,,,,,,,,,
Mendota,2010-03-15,29.6,,,,,,,,,,,,,,
Mendota,2010-04-22,45.4,,,,,,,,,,,,,,
Mendota,2010-05-24,46.5,,,,,,,,,,,,,,
Mendota,2010-06-30,43.8,,,,,,,,,,,,,,
Mendota,2010-07-14,44.3,,,,,,,,,,,,,,
Mendota,2010-08-12,42.0,,,,,,,,,,,,,,
Mendota,2010-09-09,42.9,,,,,,,,,,,,,,
Mendota,2010-10-18,44.3,,,,,,,,,,,,,,
Mendota,2010-11-15,43.8,,,,,,,,,,,,,,
Mendota,2011-01-25,48.1,,,,,,,,,,,,,,
Mendota,2011-02-23,46.4,,,,,,,,,,,,,,
Mendota,2011-03-14,44.9,,,,,,,,,,,,,,
Mendota,2011-04-28,46.4,,,,,,,,,,,,,,
Mendota,2011-05-31,43.2,,,,,,,,,,,,,,
Mendota,2011-06-29,46.5,,,,,,,,,,,,,,
Mendota,2011-07-25,44.4,,,,,,,,,,,,,,
Mendota,2011-08-15,44.6,,,,,,,,,,,,,,
Mendota,2011-09-13,44.5,,,,,,,,,,,,,,
Mendota,2011-10-03,44.2,,,,,,,,,,,,,,
Mendota,2011-11-21,44.3,,,,,,,,,,,,,,
Mendota,2011-12-12,43.4,,,,,,,,,,,,,,
Mendota,2012-01-09,45.2,,,,,,,,,,,,,,
Mendota,2012-02-07,43.4,,,,,,,,,,,,,,
Mendota,2012-03-15,46.4,,,,,,,,,,,,,,
Mendota,2012-04-24,48.2,,,,,,,,,,,,,,
Mendota,2012-05-30,45.0,,,,,,,,,,,,,,
Mendota,2012-06-26,46.6,,,,,,,,,,,,,,
Mendota,2012-08-02,49.0,,,,,,,,,,,,,,
Mendota,2012-08-20,50.1,,,,,,,,,,,,,,
Mendota,2012-09-24,47.3,,,,,,,,,,,,,,
Mendota,2012-10-30,48.0,,,,,,,,,,,,,,
Mendota,2012-11-28,48.0,,,,,,,,,,,,,,
Mendota,2012-12-17,47.1,,,,,,,,,,,,,,
Mendota,2013-02-18,47.3,,,,,,,,,,,,,,
Mendota,2013-03-14,54.1,,,,,,,,,,,,,,
Mendota,2013-05-08,48.8,,,,,,,,,,,,,,
Mendota,2013-06-19,51.9,,,,,,,,,,,,,,
Mendota,2013-07-16,46.2,,,,,,,,,,,,,,
Mendota,2013-08-14,46.8,,,,,,,,,,,,,,
Mendota,2013-09-10,52.1,,,,,,,,,,,,,,
Mendota,2013-10-24,49.2,,,,,,,,,,,,,,
Mendota,2013-12-02,48.3,,,,,,,,,,,,,,
Mendota,2014-03-20,47.8,,,,,,,,,,,,,,
Mendota,2014-04-17,53.4,,,,,,,,,,,,,,
Mendota,2014-06-25,48.2,,,,,,,,,,,,,,
Mendota,2014-07-17,49.2,,,,,,,,,,,,,,
Mendota,2014-08-14,48.9,,,,,,,,,,,,,,
Mendota,2014-09-08,49.2,,,,,,,,,,,,,,
Mendota,2014-10-29,49.5,,,,,,,,,,,,,,
Mendota,2014-12-11,49.9,,,,,,,,,,,,,,
Mendota,2015-04-27,51.0,,,,,,,,,,,,,,
Mendota,2015-06-02,49.8,,,,,,,,,,,,,,
Mendota,2015-07-08,52.4,,,,,,,,,,,,,,
Mendota,2015-08-04,51.5,,,,,,,,,,,,,,
Mendota,2015-09-24,48.8,,,,,,,,,,,,,,
Mendota,2015-10-15,49.5,,,,,,,,,,,,,,
Mendota,2016-02-25,45.7,,,,,,,,,,,,,,
Mendota,2016-03-29,48.9,,,,,,,,,,,,,,
Mendota,2016-04-12,53.0,,,,,,,,,,,,,,
Mendota,2016-06-28,47.5,,,,,,,,,,,,,,
Mendota,2016-07-26,48.6,,,,,,,,,,,,,,
Mendota,2016-08-22,52.0,,,,,,,,,,,,,,
Mendota,2016-09-26,49.1,,,,,,,,,,,,,,
Mendota,2016-10-24,48.5,,,,,,,,,,,,,,
Mendota,2016-12-01,45.1,,,,,,,,,,,,,,
Mendota,2017-01-30,49.9,,,,,,,,,,,,,,
Mendota,2017-03-06,48.9,,,,,,,,,,,,,,
Mendota,2017-04-18,51.1,,,,,,,,,,,,,,
Mendota,2017-05-31,51.6,,,,,,,,,,,,,,
Mendota,2017-06-26,50.1,,,,,,,,,,,,,,
Mendota,2017-07-24,46.7,,,,,,,,,,,,,,
Mendota,2017-10-02,50.6,,,,,,,,,,,,,,
Mendota,2017-10-19,51.4,,,,,,,,,,,,,,
Mendota,2017-12-19,49.5,,,,,,,,,,,,,,
Mendota,2018-01-30,54.4,,,,,,,,,,,,,,
Mendota,2018-02-27,50.6,,,,,,,,,,,,,,
Mendota,2018-04-30,52.1,,,,,,,,,,,,,,
Mendota,2018-05-29,51.4,,,,,,,,,,,,,,
Mendota,2018-06-29,49.8,,,,,,,,,,,,,,
Mendota,2018-07-24,51.4,,,,,,,,,,,,,,
Mendota,2018-08-27,45.9,,,,,,,,,,,,,,
Mendota,2018-09-11,47.2,,,,,,,,,,,,,,
Mendota,2018-11-27,49.0,,,,,,,,,,,,,,
Mendota,2018-12-18,47.6,,,,,,,,,,,,,,
Mendota,2019-02-26,50.6,,,,,,,,,,,,,,
Mendota,2019-04-03,50.9,,,,,,,,,,,,,,
Mendota,2019-06-03,49.9,,,,,,,,,,,,,,
Mendota,2019-08-08,49.7,,,,,,,,,,,,,,
Mendota,2019-09-16,49.8,,,,,,,,,,,,,,
Mendota,2019-10-17,47.5,,,,,,,,,,,,,,
Mendota,2019-12-03,51.1,,,,,,,,,,,,,,
Mendota,2019-12-19,53.2,,,,,,,,,,,,,,
Mendota,2020-01-30,55.3,,,,,,,,,,,,,,
Mendota,2020-03-16,49.2,,,,,,,,,,,,,,
Mendota,2020-04-01,50.3,,,,,,,,,,,,,,
Mendota,2020-06-15,50.2,,,,,,,,,,,,,,
Mendota,2020-07-13,50.5,,,,,,,,,,,,,,
Mendota,2020-08-13,48.1,,,,,,,,,,,,,,
Mendota,2021-05-13,52.3,,,,,,,,,,,,,,
Mendota,2021-06-17,51.4,,,,,,,,,,,,,,
Mendota,2021-09-23,51.8,,,,,,,,,,,,,,
Mendota,2022-04-21,57.9,,,,,,,,,,,,,,
Mendota,2022-05-23,55.9,,,,,,,,,,,,,,
Mendota,2022-07-26,56.4,,,,,,,,,,,,,,
Mendota,2022-08-15,58.6,,,,,,,,,,,,,,
Mendota,2022-10-27,59.9,,,,,,,,,,,,,,
Mendota,2023-02-02,61.5,,,,,,,,,,,,,,
Mendota,2023-04-10,57.9,,,,,,,,,,,,,,
Mendota,2023-07-03,57.5,,,,,,,,,,,,,,
Mendota,2023-08-30,55.9,,,,,,,,,,,,,,
Mendota,2024-03-12,61.8,,,,,,,,,,,,,,
Mendota,2024-04-10,57.2,,,,,,,,,,,,,,
Mendota,2024-06-27,54.6,,,,,,,,,,,,,,
Mendota,2024-07-17,49.3,,,,,,,,,,,,,,
Mendota,2024-08-28,51.9,,,,,,,,,,,,,,
Mendota,2024-09-18,53.4,,,,,,,,,,,,,,
Mendota,2024-10-29,52.4,,,,,,,,,,,,,,
Wingra,2024-10-29,100.0,,,,,,,,,,,,,,
Monona,2024-10-29,70.4,,,,,,,,,,,,,,
Waubesa,2024-10-29,71.2,,,,,,,,,,,,,,
Kegonsa,2024-10-29,70.1,,,,,,,,,,,,,,