Date,Lake,Chloride.mgL
11/1/1970,Kegonsa,20
5/1/1972,Kegonsa,22
10/1/1972,Kegonsa,23
4/1/1973,Kegonsa,23
10/1/1973,Kegonsa,24
4/1/1974,Kegonsa,20
6/1/1974,Kegonsa,20
9/1/1974,Kegonsa,21
10/1/1974,Kegonsa,21
12/1/1974,Kegonsa,22
1/1/1975,Kegonsa,22.5
2/1/1975,Kegonsa,27.5
3/1/1975,Kegonsa,22.5
4/1/1975,Kegonsa,20.2
5/1/1975,Kegonsa,19.2
6/1/1975,Kegonsa,19
7/1/1975,Kegonsa,20
8/1/1975,Kegonsa,20.5
9/1/1975,Kegonsa,21.5
10/1/1975,Kegonsa,21.5
11/1/1975,Kegonsa,21.5
12/1/1975,Kegonsa,21.5
1/1/1976,Kegonsa,21.5
2/1/1976,Kegonsa,23.5
3/1/1976,Kegonsa,30
4/1/1976,Kegonsa,21
5/1/1976,Kegonsa,19
6/1/1976,Kegonsa,21.5
7/1/1976,Kegonsa,22
8/1/1976,Kegonsa,22
9/1/1976,Kegonsa,22
10/1/1976,Kegonsa,23
11/1/1976,Kegonsa,22
12/1/1976,Kegonsa,26
1/1/1977,Kegonsa,25
2/1/1977,Kegonsa,27
3/1/1977,Kegonsa,24
4/1/1977,Kegonsa,23
5/1/1977,Kegonsa,22
6/1/1977,Kegonsa,22
7/1/1977,Kegonsa,21
8/1/1977,Kegonsa,17
9/1/1977,Kegonsa,22
10/1/1977,Kegonsa,22
11/1/1977,Kegonsa,22
12/1/1977,Kegonsa,25
1/1/1978,Kegonsa,25
2/1/1978,Kegonsa,26
3/1/1978,Kegonsa,29
4/1/1978,Kegonsa,22
5/1/1978,Kegonsa,21
6/1/1978,Kegonsa,21
7/1/1978,Kegonsa,19
8/1/1978,Kegonsa,19
9/1/1978,Kegonsa,18
10/1/1978,Kegonsa,32
11/1/1978,Kegonsa,22
12/1/1978,Kegonsa,21
1/1/1979,Kegonsa,23
2/1/1979,Kegonsa,23
3/1/1979,Kegonsa,24
4/1/1979,Kegonsa,19
5/1/1979,Kegonsa,20
6/1/1979,Kegonsa,22
7/1/1979,Kegonsa,21
8/1/1979,Kegonsa,23
9/1/1979,Kegonsa,23
10/1/1979,Kegonsa,23
11/1/1979,Kegonsa,23
12/1/1979,Kegonsa,23
1/1/1980,Kegonsa,24
2/1/1980,Kegonsa,27
3/1/1980,Kegonsa,26
4/1/1980,Kegonsa,27
5/1/1980,Kegonsa,27
6/1/1980,Kegonsa,24
7/1/1980,Kegonsa,24
8/1/1980,Kegonsa,21
9/1/1980,Kegonsa,23
10/1/1980,Kegonsa,24
12/1/1980,Kegonsa,25
1/1/1981,Kegonsa,27
2/1/1981,Kegonsa,27
3/1/1981,Kegonsa,24
4/1/1981,Kegonsa,25
5/1/1981,Kegonsa,23
6/1/1981,Kegonsa,26
7/1/1981,Kegonsa,25
8/1/1981,Kegonsa,25
11/1/1981,Kegonsa,24
12/1/1981,Kegonsa,24
1/1/1982,Kegonsa,25
2/1/1982,Kegonsa,27
3/1/1982,Kegonsa,27
4/1/1982,Kegonsa,24
5/1/1982,Kegonsa,25
6/1/1982,Kegonsa,23
7/1/1982,Kegonsa,25
8/1/1982,Kegonsa,25
10/1/1982,Kegonsa,26
11/1/1982,Kegonsa,25
12/1/1982,Kegonsa,23
1/1/1983,Kegonsa,25
2/1/1983,Kegonsa,25
3/1/1983,Kegonsa,25
4/1/1983,Kegonsa,22
5/1/1983,Kegonsa,26
6/1/1983,Kegonsa,23
7/1/1983,Kegonsa,24
8/1/1983,Kegonsa,26
9/1/1983,Kegonsa,25
10/1/1983,Kegonsa,27
11/1/1983,Kegonsa,27
12/1/1983,Kegonsa,26
1/1/1984,Kegonsa,29
2/1/1984,Kegonsa,28.5
3/1/1984,Kegonsa,27
4/1/1984,Kegonsa,24
5/1/1984,Kegonsa,19.2
6/1/1984,Kegonsa,25.2
7/1/1984,Kegonsa,25
8/1/1984,Kegonsa,24.5
9/1/1984,Kegonsa,25
10/1/1984,Kegonsa,27
11/1/1984,Kegonsa,23
12/1/1984,Kegonsa,26
1/1/1985,Kegonsa,30
2/1/1985,Kegonsa,29
3/1/1985,Kegonsa,25
4/1/1985,Kegonsa,25
5/1/1985,Kegonsa,27
6/1/1985,Kegonsa,27
7/1/1985,Kegonsa,27
8/1/1985,Kegonsa,29
9/1/1985,Kegonsa,28
10/1/1985,Kegonsa,26
11/1/1985,Kegonsa,27
12/1/1985,Kegonsa,26
1/1/1986,Kegonsa,29
2/1/1986,Kegonsa,31
3/1/1986,Kegonsa,33
4/1/1986,Kegonsa,22
5/1/1986,Kegonsa,28
6/1/1986,Kegonsa,28.5
7/1/1986,Kegonsa,27.6
8/1/1986,Kegonsa,26.4
9/1/1986,Kegonsa,30
10/1/1986,Kegonsa,28.4
11/1/1986,Kegonsa,29.2
12/1/1986,Kegonsa,31.4
1/1/1987,Kegonsa,30.2
2/1/1987,Kegonsa,31
3/1/1987,Kegonsa,29.3
4/1/1987,Kegonsa,30.5
5/1/1987,Kegonsa,32.5
6/1/1987,Kegonsa,28.8
7/1/1987,Kegonsa,28.1
8/1/1987,Kegonsa,30
9/1/1987,Kegonsa,29.4
10/1/1987,Kegonsa,31
11/1/1987,Kegonsa,31
12/1/1987,Kegonsa,35.3
1/1/1988,Kegonsa,31
2/1/1988,Kegonsa,27.6
3/1/1988,Kegonsa,32.3
4/1/1988,Kegonsa,26.1
5/1/1988,Kegonsa,28
6/1/1988,Kegonsa,31.9
7/1/1988,Kegonsa,30.2
8/1/1988,Kegonsa,31.3
9/1/1988,Kegonsa,33.5
10/1/1988,Kegonsa,33
11/1/1988,Kegonsa,30
12/1/1988,Kegonsa,30.8
1/1/1989,Kegonsa,35.2
2/1/1989,Kegonsa,37.8
3/1/1989,Kegonsa,35.4
4/1/1989,Kegonsa,33.4
5/1/1989,Kegonsa,33.8
6/1/1989,Kegonsa,2.6
7/1/1989,Kegonsa,35
8/1/1989,Kegonsa,31.8
9/1/1989,Kegonsa,29.6
10/1/1989,Kegonsa,34.8
11/1/1989,Kegonsa,36.1
12/1/1989,Kegonsa,37.1
1/1/1990,Kegonsa,37.8
2/1/1990,Kegonsa,37.3
3/1/1990,Kegonsa,38.4
4/1/1990,Kegonsa,34
5/1/1990,Kegonsa,36
6/1/1990,Kegonsa,35.1
7/1/1990,Kegonsa,35.1
8/1/1990,Kegonsa,34.4
9/1/1990,Kegonsa,36.5
11/1/1990,Kegonsa,30.7
12/1/1990,Kegonsa,31.3
1/1/1991,Kegonsa,40.3
2/1/1991,Kegonsa,37.3
4/1/1991,Kegonsa,34.3
5/1/1991,Kegonsa,37.1
6/1/1991,Kegonsa,37.4
7/1/1991,Kegonsa,35.2
8/1/1991,Kegonsa,36.8
9/1/1991,Kegonsa,40.5
10/1/1991,Kegonsa,37.7
11/1/1991,Kegonsa,36.9
12/1/1991,Kegonsa,34.4
1/1/1992,Kegonsa,38.2
2/1/1992,Kegonsa,38
3/1/1992,Kegonsa,34.9
4/1/1992,Kegonsa,35.3
5/1/1992,Kegonsa,34.7
6/1/1992,Kegonsa,35.4
7/1/1992,Kegonsa,39.6
8/1/1992,Kegonsa,38.6
9/1/1992,Kegonsa,38.7
10/1/1992,Kegonsa,38.1
11/1/1992,Kegonsa,39.5
12/1/1992,Kegonsa,37.5
2/1/1993,Kegonsa,39.7
3/1/1993,Kegonsa,34.3
7/1/1993,Kegonsa,39.2
10/1/1993,Kegonsa,37.1
11/1/1993,Kegonsa,36.9
12/1/1993,Kegonsa,38.8
2/1/1994,Kegonsa,38.5
3/1/1994,Kegonsa,40.5
6/1/1994,Kegonsa,38.2
7/1/1994,Kegonsa,37.9
8/1/1994,Kegonsa,38
9/1/1994,Kegonsa,37.1
10/1/1994,Kegonsa,37
11/1/1994,Kegonsa,36.7
12/1/1994,Kegonsa,37.3
1/1/1995,Kegonsa,38.6
3/1/1995,Kegonsa,36.1
4/1/1995,Kegonsa,35.5
5/1/1995,Kegonsa,35.3
6/1/1995,Kegonsa,36.3
7/1/1995,Kegonsa,36.9
8/1/1995,Kegonsa,37.8
9/1/1995,Kegonsa,38.5
10/1/1995,Kegonsa,36.9
1/1/1996,Kegonsa,41.6
2/6/1996,Kegonsa,26.71
3/1/1996,Kegonsa,39.3
4/1/1996,Kegonsa,38.2
5/1/1996,Kegonsa,39
5/1/1996,Kegonsa,37.55
6/1/1996,Kegonsa,34.4
9/1/1996,Kegonsa,38.5
11/1/1996,Kegonsa,36.71
12/1/1996,Kegonsa,40.7
1/1/1997,Kegonsa,43.3
2/1/1997,Kegonsa,42.5
2/20/1997,Kegonsa,42.15
3/1/1997,Kegonsa,38.7
4/1/1997,Kegonsa,43.7
5/1/1997,Kegonsa,34.7
5/5/1997,Kegonsa,41.96
6/1/1997,Kegonsa,41.2
7/1/1997,Kegonsa,37.3
8/4/1997,Kegonsa,42.66
9/1/1997,Kegonsa,48.8
11/25/1997,Kegonsa,35.88
1/1/1998,Kegonsa,49
2/1/1998,Kegonsa,46.6
4/1/1998,Kegonsa,41.7
4/21/1998,Kegonsa,42.98
6/1/1998,Kegonsa,42.1
7/1/1998,Kegonsa,42.7
8/6/1998,Kegonsa,42.75
9/1/1998,Kegonsa,41.2
10/1/1998,Kegonsa,40.6
12/1/1998,Kegonsa,41.2
2/1/1999,Kegonsa,43.9
2/4/1999,Kegonsa,45.43
3/1/1999,Kegonsa,41.5
4/14/1999,Kegonsa,43.59
5/1/1999,Kegonsa,38.8
7/1/1999,Kegonsa,36.9
7/8/1999,Kegonsa,41.53
8/1/1999,Kegonsa,38.5
9/1/1999,Kegonsa,39.6
10/1/1999,Kegonsa,39.7
10/27/1999,Kegonsa,42.25
12/1/1999,Kegonsa,40.9
1/1/2000,Kegonsa,43.1
1/31/2000,Kegonsa,45.2
2/1/2000,Kegonsa,40.2
4/1/2000,Kegonsa,38.9
4/11/2000,Kegonsa,41.41
5/1/2000,Kegonsa,39.1
6/1/2000,Kegonsa,36.3
7/1/2000,Kegonsa,36.3
7/5/2000,Kegonsa,37.33
8/1/2000,Kegonsa,36.3
9/1/2000,Kegonsa,37.1
10/1/2000,Kegonsa,40.8
10/26/2000,Kegonsa,39.47
11/1/2000,Kegonsa,40.9
1/16/2001,Kegonsa,38.78
2/1/2001,Kegonsa,45.6
3/1/2001,Kegonsa,42.4
4/1/2001,Kegonsa,38.9
4/25/2001,Kegonsa,36.79
5/1/2001,Kegonsa,41.1
6/1/2001,Kegonsa,41.3
7/1/2001,Kegonsa,43.4
7/31/2001,Kegonsa,39.49
10/1/2001,Kegonsa,42.7
10/23/2001,Kegonsa,39.23
11/1/2001,Kegonsa,43.1
12/1/2001,Kegonsa,42.9
1/2/2002,Kegonsa,45.2
2/2/2002,Kegonsa,43.5
3/2/2002,Kegonsa,42.7
4/2/2002,Kegonsa,41.9
4/23/2002,Kegonsa,36.63
5/2/2002,Kegonsa,42.8
6/2/2002,Kegonsa,43.1
7/2/2002,Kegonsa,44.7
7/19/2002,Kegonsa,39.67
8/2/2002,Kegonsa,45.1
9/2/2002,Kegonsa,45.5
10/2/2002,Kegonsa,42.3
10/24/2002,Kegonsa,44.99
11/2/2002,Kegonsa,46.5
12/2/2002,Kegonsa,45.1
1/3/2003,Kegonsa,44.1
2/3/2003,Kegonsa,48.1
2/11/2003,Kegonsa,51.02
3/3/2003,Kegonsa,39.2
4/3/2003,Kegonsa,46
4/17/2003,Kegonsa,44.49
5/3/2003,Kegonsa,45.3
6/3/2003,Kegonsa,47
7/3/2003,Kegonsa,42.3
8/3/2003,Kegonsa,43.3
8/7/2003,Kegonsa,44.04
9/3/2003,Kegonsa,43.5
10/3/2003,Kegonsa,43.8
11/3/2003,Kegonsa,43.5
12/3/2003,Kegonsa,44.9
1/4/2004,Kegonsa,46.4
2/4/2004,Kegonsa,47.6
2/12/2004,Kegonsa,51.02
3/4/2004,Kegonsa,41.8
4/4/2004,Kegonsa,43.2
4/15/2004,Kegonsa,44.74
5/4/2004,Kegonsa,43.1
6/4/2004,Kegonsa,39.7
7/4/2004,Kegonsa,43.3
8/4/2004,Kegonsa,40.8
8/4/2004,Kegonsa,44.49
9/4/2004,Kegonsa,40.8
10/4/2004,Kegonsa,41.8
11/4/2004,Kegonsa,45.5
11/10/2004,Kegonsa,4.21
12/4/2004,Kegonsa,42.4
1/5/2005,Kegonsa,46.7
2/5/2005,Kegonsa,46.5
3/2/2005,Kegonsa,44.38
3/5/2005,Kegonsa,45.7
4/5/2005,Kegonsa,41.2
5/5/2005,Kegonsa,41.9
6/5/2005,Kegonsa,43.3
7/5/2005,Kegonsa,45.6
8/4/2005,Kegonsa,46.99
8/5/2005,Kegonsa,44.6
9/5/2005,Kegonsa,45.4
10/5/2005,Kegonsa,48.6
10/26/2005,Kegonsa,18.55
11/5/2005,Kegonsa,48.3
12/5/2005,Kegonsa,50.6
1/6/2006,Kegonsa,49.1
2/6/2006,Kegonsa,49.1
3/6/2006,Kegonsa,46
5/6/2006,Kegonsa,46.1
6/6/2006,Kegonsa,47.5
7/6/2006,Kegonsa,47.9
8/6/2006,Kegonsa,47.7
9/6/2006,Kegonsa,45.9
10/6/2006,Kegonsa,45.5
11/6/2006,Kegonsa,46.4
11/8/2006,Kegonsa,50.3
12/6/2006,Kegonsa,46.3
1/7/2007,Kegonsa,47.3
2/7/2007,Kegonsa,50.4
3/7/2007,Kegonsa,48.7
4/7/2007,Kegonsa,44.7
6/7/2007,Kegonsa,47.7
7/7/2007,Kegonsa,51.5
9/7/2007,Kegonsa,48
10/7/2007,Kegonsa,46.4
11/7/2007,Kegonsa,47
1/8/2008,Kegonsa,53.9
2/8/2008,Kegonsa,53.1
3/8/2008,Kegonsa,53.5
4/8/2008,Kegonsa,52.4
4/17/2008,Kegonsa,48.61
5/8/2008,Kegonsa,55.4
6/8/2008,Kegonsa,54.3
7/8/2008,Kegonsa,47.2
8/6/2008,Kegonsa,50.64
8/8/2008,Kegonsa,51.6
9/8/2008,Kegonsa,53.2
10/8/2008,Kegonsa,51.7
11/3/2008,Kegonsa,48.64
11/8/2008,Kegonsa,53
12/8/2008,Kegonsa,54.2
1/9/2009,Kegonsa,55.2
2/9/2009,Kegonsa,53.2
2/16/2009,Kegonsa,43.41
3/9/2009,Kegonsa,46.4
4/9/2009,Kegonsa,51.3
4/24/2009,Kegonsa,52.41
5/9/2009,Kegonsa,56.2
6/9/2009,Kegonsa,50.3
7/9/2009,Kegonsa,55.7
8/3/2009,Kegonsa,28.16
8/9/2009,Kegonsa,56.8
9/9/2009,Kegonsa,53.9
10/9/2009,Kegonsa,50.3
11/4/2009,Kegonsa,56.84
11/9/2009,Kegonsa,50.9
12/9/2009,Kegonsa,57.2
1/10/2010,Kegonsa,53.4
2/10/2010,Kegonsa,57.4
2/11/2010,Kegonsa,63.34
3/10/2010,Kegonsa,56.7
4/10/2010,Kegonsa,52.3
4/15/2010,Kegonsa,24.49
5/10/2010,Kegonsa,54.5
6/10/2010,Kegonsa,53.7
7/10/2010,Kegonsa,55.3
8/5/2010,Kegonsa,53.54
8/10/2010,Kegonsa,53.8
9/10/2010,Kegonsa,54.4
10/10/2010,Kegonsa,55
11/2/2010,Kegonsa,54.74
11/10/2010,Kegonsa,54.5
12/10/2010,Kegonsa,56
1/11/2011,Kegonsa,57.3
2/11/2011,Kegonsa,56
3/3/2011,Kegonsa,59.33
3/11/2011,Kegonsa,54.8
4/11/2011,Kegonsa,52.8
5/11/2011,Kegonsa,52.5
5/20/2011,Kegonsa,54.59
6/11/2011,Kegonsa,50.5
8/10/2011,Kegonsa,58.19
8/11/2011,Kegonsa,56.6
9/11/2011,Kegonsa,57.4
10/11/2011,Kegonsa,59.3
11/7/2011,Kegonsa,61.06
11/11/2011,Kegonsa,58.3
12/11/2011,Kegonsa,57.5
1/12/2012,Kegonsa,59.9
2/12/2012,Kegonsa,61.2
4/12/2012,Kegonsa,59.6
5/12/2012,Kegonsa,58
6/12/2012,Kegonsa,59.2
8/8/2012,Kegonsa,64.15
8/12/2012,Kegonsa,63.4
10/12/2012,Kegonsa,62.8
11/7/2012,Kegonsa,64.79
11/12/2012,Kegonsa,62.4
12/12/2012,Kegonsa,64.2
2/13/2013,Kegonsa,66.1
3/13/2013,Kegonsa,71.7
5/13/2013,Kegonsa,62
6/13/2013,Kegonsa,65.4
7/13/2013,Kegonsa,60.2
8/8/2013,Kegonsa,63.72
8/13/2013,Kegonsa,61.9
9/13/2013,Kegonsa,63.2
10/13/2013,Kegonsa,64.5
11/8/2013,Kegonsa,65.11
2/14/2014,Kegonsa,72.6
3/14/2014,Kegonsa,71.2
4/14/2014,Kegonsa,62.1
5/2/2014,Kegonsa,63.41
6/14/2014,Kegonsa,63.1
7/14/2014,Kegonsa,64.9
8/6/2014,Kegonsa,65.94
8/14/2014,Kegonsa,64.5
9/14/2014,Kegonsa,65.1
10/14/2014,Kegonsa,65.5
11/7/2014,Kegonsa,66.58
12/13/2014,Kegonsa,65.9
12/14/2014,Kegonsa,68.2
1/15/2015,Kegonsa,70.2
2/9/2015,Kegonsa,75.93
2/15/2015,Kegonsa,70.8
4/15/2015,Kegonsa,62
4/17/2015,Kegonsa,63.55
6/15/2015,Kegonsa,62.2
7/15/2015,Kegonsa,62
8/5/2015,Kegonsa,65.14
8/15/2015,Kegonsa,64.9
9/15/2015,Kegonsa,64.2
10/15/2015,Kegonsa,65.4
11/3/2015,Kegonsa,69.3
2/16/2016,Kegonsa,66.7
2/17/2016,Kegonsa,70.26
3/16/2016,Kegonsa,59.8
4/14/2016,Kegonsa,64.13
4/16/2016,Kegonsa,61.4
6/16/2016,Kegonsa,62.1
7/16/2016,Kegonsa,60.8
8/3/2016,Kegonsa,66.55
8/16/2016,Kegonsa,65.8
9/16/2016,Kegonsa,61.3
10/16/2016,Kegonsa,63.8
11/15/2016,Kegonsa,64.64
12/16/2016,Kegonsa,60.4
1/17/2017,Kegonsa,66.6
3/17/2017,Kegonsa,62.3
4/17/2017,Kegonsa,61.2
4/25/2017,Kegonsa,67.38
5/17/2017,Kegonsa,64
6/17/2017,Kegonsa,60.1
7/17/2017,Kegonsa,60.8
8/9/2017,Kegonsa,64.54
8/17/2017,Kegonsa,60.4
10/17/2017,Kegonsa,65.6
11/6/2017,Kegonsa,66.88
12/17/2017,Kegonsa,64.8
1/18/2018,Kegonsa,67.9
2/18/2018,Kegonsa,62.6
4/18/2018,Kegonsa,56.5
4/26/2018,Kegonsa,65.73
5/18/2018,Kegonsa,63.2
6/18/2018,Kegonsa,56
7/18/2018,Kegonsa,57.1
8/9/2018,Kegonsa,63.09
8/18/2018,Kegonsa,56.9
9/18/2018,Kegonsa,53.7
11/1/2018,Kegonsa,57.32
11/18/2018,Kegonsa,55.7
12/18/2018,Kegonsa,57.9
2/19/2019,Kegonsa,62.9
4/19/2019,Kegonsa,63.5
6/19/2019,Kegonsa,61.9
8/19/2019,Kegonsa,64.1
9/19/2019,Kegonsa,65.5
10/19/2019,Kegonsa,60
12/19/2019,Kegonsa,62.6
3/6/2020,Kegonsa,67.04
5/18/2022,Kegonsa,73.4
8/12/2022,Kegonsa,69.07
11/7/2022,Kegonsa,67.28
2/2/2023,Kegonsa,79.8
4/10/2023,Kegonsa,67.6
7/3/2023,Kegonsa,72.7
8/30/2023,Kegonsa,70.8
3/12/2024,Kegonsa,78.8
4/10/2024,Kegonsa,81.5
6/27/2024,Kegonsa,72.8
7/17/2024,Kegonsa,70.3
8/28/2024,Kegonsa,67.9
9/18/2024,Kegonsa,69.1
10/29/2024,Kegonsa,70.1
1/31/1940,Mendota,6
3/11/1940,Mendota,3
5/28/1940,Mendota,1.28
6/25/1940,Mendota,2.93
7/30/1940,Mendota,3.17
8/27/1940,Mendota,2.23
9/11/1940,Mendota,0.81
10/30/1940,Mendota,2.88
3/7/1941,Mendota,1.8
5/19/1941,Mendota,1.35
6/17/1941,Mendota,11.9
7/8/1941,Mendota,5.73
7/29/1941,Mendota,1.14
8/20/1941,Mendota,3.18
9/10/1941,Mendota,1.04
10/2/1941,Mendota,3.18
2/2/1942,Mendota,3.75
4/28/1942,Mendota,1.59
6/17/1942,Mendota,2.61
7/17/1942,Mendota,2.12
8/10/1942,Mendota,1.25
9/15/1942,Mendota,1.63
10/1/1942,Mendota,2.5
11/12/1942,Mendota,2.87
12/15/1942,Mendota,5
1/14/1943,Mendota,2.25
2/17/1943,Mendota,2.5
4/14/1943,Mendota,2.87
5/25/1943,Mendota,3.13
6/15/1943,Mendota,1.62
7/19/1943,Mendota,3.75
8/16/1943,Mendota,1.5
9/27/1943,Mendota,2.5
10/11/1943,Mendota,2.5
11/1/1943,Mendota,1.63
12/15/1943,Mendota,2.75
1/28/1944,Mendota,2.5
2/23/1944,Mendota,3.12
4/25/1944,Mendota,3.5
6/26/1944,Mendota,1.13
7/28/1944,Mendota,4
8/10/1944,Mendota,1.375
9/12/1944,Mendota,2.5
10/24/1944,Mendota,2.5
11/28/1944,Mendota,1.88
1/22/1945,Mendota,3.15
4/23/1945,Mendota,3.75
5/28/1945,Mendota,2.5
6/19/1945,Mendota,3.76
7/19/1945,Mendota,4.2
8/22/1945,Mendota,2.75
9/19/1945,Mendota,4.38
10/22/1945,Mendota,2.88
11/26/1945,Mendota,3.5
12/12/1945,Mendota,1.88
1/14/1946,Mendota,5.425
3/13/1946,Mendota,2.375
4/24/1946,Mendota,2.25
5/27/1946,Mendota,3
6/25/1946,Mendota,4.25
7/16/1946,Mendota,3.75
8/22/1946,Mendota,2.5
9/10/1946,Mendota,3.125
10/23/1946,Mendota,5
11/26/1946,Mendota,1.875
12/11/1946,Mendota,1.875
1/20/1947,Mendota,2.75
3/28/1947,Mendota,4.125
5/27/1947,Mendota,2.88
6/26/1947,Mendota,2.125
7/30/1947,Mendota,3.79
8/21/1947,Mendota,3.03
9/11/1947,Mendota,3.79
10/23/1947,Mendota,3.033
11/25/1947,Mendota,1.52
1/30/1948,Mendota,4.55
2/20/1948,Mendota,4.85
3/30/1948,Mendota,4.55
4/22/1948,Mendota,2.27
5/26/1948,Mendota,4.54
6/29/1948,Mendota,2.27
7/28/1948,Mendota,4.55
8/13/1948,Mendota,4.55
9/28/1948,Mendota,3.79
10/27/1948,Mendota,1.67
11/24/1948,Mendota,3.03
12/23/1948,Mendota,4.55
2/3/1949,Mendota,6.06
3/29/1949,Mendota,0.759
4/27/1949,Mendota,3.8
5/18/1949,Mendota,1.5
6/28/1949,Mendota,6.06
7/26/1949,Mendota,1.21
8/30/1949,Mendota,6.06
10/27/1949,Mendota,9.1
12/20/1949,Mendota,8.35
7/1/1957,Mendota,6
7/1/1958,Mendota,6
7/1/1962,Mendota,6
7/1/1963,Mendota,6
7/1/1964,Mendota,7
7/1/1965,Mendota,8
7/1/1966,Mendota,8
7/1/1967,Mendota,9
7/1/1968,Mendota,9
7/1/1969,Mendota,10
7/1/1970,Mendota,11
10/1/1971,Mendota,11
11/1/1971,Mendota,12
2/1/1972,Mendota,14
5/1/1972,Mendota,13.5
7/1/1972,Mendota,11
10/1/1972,Mendota,14
3/1/1973,Mendota,13.5
4/1/1973,Mendota,14
5/1/1973,Mendota,14.5
10/1/1973,Mendota,14.5
2/1/1974,Mendota,18.5
3/1/1974,Mendota,10.5
4/1/1974,Mendota,14.2
5/1/1974,Mendota,13.5
6/1/1974,Mendota,15
7/1/1974,Mendota,15.5
9/1/1974,Mendota,15
10/1/1974,Mendota,15
12/1/1974,Mendota,15.8
1/1/1975,Mendota,16
2/1/1975,Mendota,15.8
3/1/1975,Mendota,14.5
4/1/1975,Mendota,9.5
5/1/1975,Mendota,16
6/1/1975,Mendota,15.5
7/1/1975,Mendota,15
8/1/1975,Mendota,19.2
9/1/1975,Mendota,15.5
10/1/1975,Mendota,15
11/1/1975,Mendota,15.8
12/1/1975,Mendota,15.8
1/1/1976,Mendota,15.2
2/1/1976,Mendota,17
3/1/1976,Mendota,14
4/1/1976,Mendota,15.2
5/1/1976,Mendota,14.5
6/1/1976,Mendota,15.5
7/1/1976,Mendota,16
8/1/1976,Mendota,15.5
9/1/1976,Mendota,16
10/1/1976,Mendota,16
11/1/1976,Mendota,15
12/1/1976,Mendota,19
1/1/1977,Mendota,18
2/1/1977,Mendota,19
3/1/1977,Mendota,16
4/1/1977,Mendota,16
5/1/1977,Mendota,16
6/1/1977,Mendota,16
7/1/1977,Mendota,15
8/1/1977,Mendota,13.5
9/1/1977,Mendota,16
10/1/1977,Mendota,16
11/1/1977,Mendota,16
12/1/1977,Mendota,18
1/1/1978,Mendota,20
2/1/1978,Mendota,18
3/1/1978,Mendota,20
4/1/1978,Mendota,12
5/1/1978,Mendota,18
6/1/1978,Mendota,17
7/1/1978,Mendota,18
8/1/1978,Mendota,15
9/1/1978,Mendota,23
10/1/1978,Mendota,25
11/1/1978,Mendota,18
12/1/1978,Mendota,16.5
1/1/1979,Mendota,16
2/1/1979,Mendota,17.8
3/1/1979,Mendota,17.5
4/1/1979,Mendota,13.5
5/1/1979,Mendota,16.8
6/1/1979,Mendota,17.4
7/1/1979,Mendota,15.9
8/1/1979,Mendota,16.7
9/1/1979,Mendota,16.8
10/1/1979,Mendota,16.7
11/1/1979,Mendota,16.9
12/1/1979,Mendota,16.8
1/1/1980,Mendota,17.6
2/1/1980,Mendota,17.9
3/1/1980,Mendota,17.9
4/1/1980,Mendota,22
5/1/1980,Mendota,19
6/1/1980,Mendota,18
7/1/1980,Mendota,19
8/1/1980,Mendota,17
9/1/1980,Mendota,17
10/1/1980,Mendota,18
11/1/1980,Mendota,18.7
12/1/1980,Mendota,18.7
1/1/1981,Mendota,19.8
2/1/1981,Mendota,19.7
3/1/1981,Mendota,17.1
4/1/1981,Mendota,19.1
5/1/1981,Mendota,18.2
6/1/1981,Mendota,19
7/1/1981,Mendota,19
8/1/1981,Mendota,18.5
11/1/1981,Mendota,17.5
12/1/1981,Mendota,19
1/1/1982,Mendota,20
2/1/1982,Mendota,20.5
3/1/1982,Mendota,20.5
4/1/1982,Mendota,26
5/1/1982,Mendota,20.5
6/1/1982,Mendota,19.5
7/1/1982,Mendota,19.5
8/1/1982,Mendota,19.5
10/1/1982,Mendota,19.8
11/1/1982,Mendota,19
12/1/1982,Mendota,18
1/1/1983,Mendota,14
2/1/1983,Mendota,20.5
3/1/1983,Mendota,18
4/1/1983,Mendota,19.5
5/1/1983,Mendota,20.5
6/1/1983,Mendota,19
7/1/1983,Mendota,18
8/1/1983,Mendota,20
9/1/1983,Mendota,20
10/1/1983,Mendota,21.2
11/1/1983,Mendota,20.5
12/1/1983,Mendota,20
1/1/1984,Mendota,21
2/1/1984,Mendota,22
3/1/1984,Mendota,18
4/1/1984,Mendota,17.5
5/1/1984,Mendota,20.8
6/1/1984,Mendota,20
7/1/1984,Mendota,19
8/1/1984,Mendota,19
9/1/1984,Mendota,20
10/1/1984,Mendota,20
11/1/1984,Mendota,19
12/1/1984,Mendota,20
1/1/1985,Mendota,19.5
2/1/1985,Mendota,21
3/1/1985,Mendota,20
4/1/1985,Mendota,20
5/1/1985,Mendota,20
6/1/1985,Mendota,21.5
7/1/1985,Mendota,21
8/1/1985,Mendota,21
9/1/1985,Mendota,22
10/1/1985,Mendota,20
11/1/1985,Mendota,21
12/1/1985,Mendota,20
1/1/1986,Mendota,24
2/1/1986,Mendota,24
3/1/1986,Mendota,23
4/1/1986,Mendota,22
5/1/1986,Mendota,23
6/1/1986,Mendota,23.5
7/1/1986,Mendota,22
8/1/1986,Mendota,21
9/1/1986,Mendota,21
10/1/1986,Mendota,23.4
11/1/1986,Mendota,22.2
12/1/1986,Mendota,19
1/1/1987,Mendota,21.6
2/1/1987,Mendota,24.5
3/1/1987,Mendota,22.9
4/1/1987,Mendota,23.7
5/1/1987,Mendota,24.9
6/1/1987,Mendota,25.2
7/1/1987,Mendota,22
8/1/1987,Mendota,23
9/1/1987,Mendota,23.2
10/1/1987,Mendota,24
11/1/1987,Mendota,28
12/1/1987,Mendota,25.1
1/1/1988,Mendota,25.2
2/1/1988,Mendota,28.6
3/1/1988,Mendota,26.7
4/1/1988,Mendota,24.5
5/1/1988,Mendota,24.3
6/1/1988,Mendota,26.5
7/1/1988,Mendota,25.3
8/1/1988,Mendota,25.9
9/1/1988,Mendota,27.5
10/1/1988,Mendota,26.2
11/1/1988,Mendota,23.8
12/1/1988,Mendota,23.6
1/1/1989,Mendota,26.4
2/1/1989,Mendota,26.4
3/1/1989,Mendota,30.2
4/1/1989,Mendota,24.6
5/1/1989,Mendota,27.6
6/1/1989,Mendota,27.2
7/1/1989,Mendota,27.4
8/1/1989,Mendota,22.6
9/1/1989,Mendota,23.6
10/1/1989,Mendota,25.8
11/1/1989,Mendota,27.1
12/1/1989,Mendota,29.3
1/1/1990,Mendota,27.6
2/1/1990,Mendota,28.2
3/1/1990,Mendota,29.1
4/1/1990,Mendota,26.9
5/1/1990,Mendota,27.9
6/1/1990,Mendota,29.5
7/1/1990,Mendota,28.2
8/1/1990,Mendota,25.2
9/1/1990,Mendota,27.5
11/1/1990,Mendota,26.2
12/1/1990,Mendota,26.7
1/1/1991,Mendota,30
2/1/1991,Mendota,31.7
3/1/1991,Mendota,23.3
4/1/1991,Mendota,28
5/1/1991,Mendota,30.6
6/1/1991,Mendota,31.1
7/1/1991,Mendota,29.1
8/1/1991,Mendota,29.7
9/1/1991,Mendota,30.5
10/1/1991,Mendota,31.3
11/1/1991,Mendota,29.9
12/1/1991,Mendota,29
1/1/1992,Mendota,28.9
2/1/1992,Mendota,30.8
3/1/1992,Mendota,28.5
4/1/1992,Mendota,29.7
5/1/1992,Mendota,28.6
6/1/1992,Mendota,28.6
7/1/1992,Mendota,32.9
8/1/1992,Mendota,32.1
9/1/1992,Mendota,31.9
10/1/1992,Mendota,30.6
11/1/1992,Mendota,31.4
12/1/1992,Mendota,31.7
2/1/1993,Mendota,31.8
3/1/1993,Mendota,27.2
7/1/1993,Mendota,31.4
10/1/1993,Mendota,32.2
11/1/1993,Mendota,32
12/1/1993,Mendota,32.8
2/1/1994,Mendota,31.8
3/1/1994,Mendota,33.7
6/1/1994,Mendota,33.4
7/1/1994,Mendota,33.3
8/1/1994,Mendota,34.2
9/1/1994,Mendota,31.9
10/1/1994,Mendota,31.7
11/1/1994,Mendota,30.9
12/1/1994,Mendota,31.1
1/1/1995,Mendota,31.4
3/1/1995,Mendota,30.2
4/1/1995,Mendota,31
5/1/1995,Mendota,31.2
6/1/1995,Mendota,31.4
7/1/1995,Mendota,32.2
8/1/1995,Mendota,32.3
9/1/1995,Mendota,32.3
10/1/1995,Mendota,31.4
1/1/1996,Mendota,34.2
3/1/1996,Mendota,32.4
4/1/1996,Mendota,33.6
5/1/1996,Mendota,33.8
5/1/1996,Mendota,32.62
6/1/1996,Mendota,31.8
8/5/1996,Mendota,32.76
9/1/1996,Mendota,33.7
11/1/1996,Mendota,35.9
11/8/1996,Mendota,34.24
12/1/1996,Mendota,34.5
1/1/1997,Mendota,35.5
2/1/1997,Mendota,34.5
3/1/1997,Mendota,35.8
4/1/1997,Mendota,38
5/1/1997,Mendota,28.9
5/2/1997,Mendota,36.71
6/1/1997,Mendota,34.1
7/1/1997,Mendota,32.8
8/6/1997,Mendota,34.38
9/1/1997,Mendota,38.3
11/1/1997,Mendota,38.3
11/30/1997,Mendota,36.29
4/24/1998,Mendota,34.93
6/1/1998,Mendota,33.5
7/1/1998,Mendota,32.6
8/2/1998,Mendota,34.86
9/1/1998,Mendota,32
10/1/1998,Mendota,35.1
10/27/1998,Mendota,35.55
12/1/1998,Mendota,32.8
2/1/1999,Mendota,32
3/1/1999,Mendota,33.6
4/12/1999,Mendota,37.29
5/1/1999,Mendota,34
7/1/1999,Mendota,32.6
7/6/1999,Mendota,34.85
8/1/1999,Mendota,33.1
9/1/1999,Mendota,33.7
10/1/1999,Mendota,34.2
10/26/1999,Mendota,35.85
12/1/1999,Mendota,33.9
1/1/2000,Mendota,35.6
2/1/2000,Mendota,27.4
4/1/2000,Mendota,34
4/10/2000,Mendota,36.11
5/1/2000,Mendota,33.1
6/1/2000,Mendota,30.4
7/1/2000,Mendota,31
7/3/2000,Mendota,32.08
8/1/2000,Mendota,30.3
9/1/2000,Mendota,30.7
10/1/2000,Mendota,34.1
10/24/2000,Mendota,33.21
11/1/2000,Mendota,34.6
1/1/2001,Mendota,36.4
1/17/2001,Mendota,33.47
3/1/2001,Mendota,34.5
4/1/2001,Mendota,31.8
4/23/2001,Mendota,33.42
5/1/2001,Mendota,36.5
6/1/2001,Mendota,36
7/1/2001,Mendota,36.6
7/30/2001,Mendota,33.72
10/1/2001,Mendota,35.1
10/22/2001,Mendota,32.09
11/1/2001,Mendota,35
12/1/2001,Mendota,35
1/2/2002,Mendota,34.3
2/2/2002,Mendota,36.7
3/2/2002,Mendota,35.2
4/2/2002,Mendota,36.1
4/24/2002,Mendota,31.34
5/2/2002,Mendota,35.3
6/2/2002,Mendota,35.4
7/2/2002,Mendota,36
7/15/2002,Mendota,31.52
8/2/2002,Mendota,36.2
9/2/2002,Mendota,36.5
10/2/2002,Mendota,36.6
10/21/2002,Mendota,36.09
11/2/2002,Mendota,37
12/2/2002,Mendota,37.6
1/3/2003,Mendota,37.3
1/21/2003,Mendota,37.34
4/3/2003,Mendota,38.2
4/14/2003,Mendota,36.96
5/3/2003,Mendota,37.5
6/3/2003,Mendota,38.8
7/3/2003,Mendota,35.8
8/3/2003,Mendota,39.5
8/4/2003,Mendota,37.47
9/3/2003,Mendota,39.4
10/3/2003,Mendota,38.9
10/27/2003,Mendota,37.65
11/3/2003,Mendota,34.7
12/3/2003,Mendota,35
1/4/2004,Mendota,38.6
2/3/2004,Mendota,39.4
2/4/2004,Mendota,41
3/4/2004,Mendota,38.9
4/4/2004,Mendota,36.6
4/12/2004,Mendota,37.95
5/4/2004,Mendota,39.2
6/4/2004,Mendota,34
7/4/2004,Mendota,36.5
8/3/2004,Mendota,38.47
8/4/2004,Mendota,34.1
9/4/2004,Mendota,34.2
10/4/2004,Mendota,34.7
11/3/2004,Mendota,36.78
11/4/2004,Mendota,38.4
12/4/2004,Mendota,35.5
1/5/2005,Mendota,38.1
1/31/2005,Mendota,38.55
2/5/2005,Mendota,34.8
3/5/2005,Mendota,35.3
4/5/2005,Mendota,36.5
4/15/2005,Mendota,41.8
5/5/2005,Mendota,36.2
6/5/2005,Mendota,37
7/5/2005,Mendota,38
8/1/2005,Mendota,39.81
8/5/2005,Mendota,40.2
9/5/2005,Mendota,36.9
10/5/2005,Mendota,40
11/2/2005,Mendota,40.95
11/5/2005,Mendota,38.4
12/5/2005,Mendota,38.7
1/6/2006,Mendota,37.7
3/6/2006,Mendota,38.3
3/6/2006,Mendota,46.2
4/17/2006,Mendota,45
5/6/2006,Mendota,36.9
6/6/2006,Mendota,39.9
7/6/2006,Mendota,40.8
8/6/2006,Mendota,40.8
8/7/2006,Mendota,40.76
9/6/2006,Mendota,39.9
10/6/2006,Mendota,37.8
10/30/2006,Mendota,40.76
11/6/2006,Mendota,37.8
12/6/2006,Mendota,36.4
1/3/2007,Mendota,41.04
1/7/2007,Mendota,38.7
2/7/2007,Mendota,40.5
2/19/2007,Mendota,40.06
3/7/2007,Mendota,37.7
4/7/2007,Mendota,40.4
4/16/2007,Mendota,39.09
6/7/2007,Mendota,38.6
7/7/2007,Mendota,41.8
8/6/2007,Mendota,42.21
9/7/2007,Mendota,36.6
10/7/2007,Mendota,37.7
10/29/2007,Mendota,38.88
2/8/2008,Mendota,43.6
2/13/2008,Mendota,42.5
3/8/2008,Mendota,41.1
4/8/2008,Mendota,39.3
4/14/2008,Mendota,44.83
5/8/2008,Mendota,43.5
6/8/2008,Mendota,42.2
7/8/2008,Mendota,39.5
8/4/2008,Mendota,39.52
8/8/2008,Mendota,39.5
9/8/2008,Mendota,41.8
10/8/2008,Mendota,40.2
10/29/2008,Mendota,39.03
11/8/2008,Mendota,41.8
12/8/2008,Mendota,41.4
1/9/2009,Mendota,45.9
1/21/2009,Mendota,43.6
2/9/2009,Mendota,38.9
3/9/2009,Mendota,39.2
4/9/2009,Mendota,43.5
4/15/2009,Mendota,44.23
5/9/2009,Mendota,44.9
6/9/2009,Mendota,43.8
7/9/2009,Mendota,43.3
8/5/2009,Mendota,44.55
8/9/2009,Mendota,43.7
9/9/2009,Mendota,45.4
10/9/2009,Mendota,44.2
10/28/2009,Mendota,44.39
11/9/2009,Mendota,46.1
12/9/2009,Mendota,45.4
1/10/2010,Mendota,44.5
2/1/2010,Mendota,46.23
2/10/2010,Mendota,47.8
3/10/2010,Mendota,29.6
4/10/2010,Mendota,45.4
4/13/2010,Mendota,46.6
5/10/2010,Mendota,46.5
6/10/2010,Mendota,43.8
7/10/2010,Mendota,44.3
8/3/2010,Mendota,42.88
8/10/2010,Mendota,42
9/10/2010,Mendota,42.9
10/10/2010,Mendota,44.3
11/9/2010,Mendota,44.1
11/10/2010,Mendota,43.8
1/11/2011,Mendota,48.1
1/19/2011,Mendota,46.45
2/11/2011,Mendota,46.4
3/11/2011,Mendota,44.9
4/11/2011,Mendota,46.4
5/11/2011,Mendota,43.2
5/17/2011,Mendota,46.71
6/11/2011,Mendota,46.5
7/11/2011,Mendota,44.4
8/4/2011,Mendota,47.13
8/11/2011,Mendota,44.6
9/11/2011,Mendota,44.5
10/11/2011,Mendota,44.2
10/31/2011,Mendota,47.26
11/11/2011,Mendota,44.3
12/11/2011,Mendota,43.4
1/12/2012,Mendota,45.2
2/12/2012,Mendota,43.4
2/22/2012,Mendota,48.64
3/12/2012,Mendota,46.4
4/12/2012,Mendota,48.2
4/17/2012,Mendota,48.68
5/12/2012,Mendota,45
6/12/2012,Mendota,46.6
8/6/2012,Mendota,50.15
8/12/2012,Mendota,49.5
9/12/2012,Mendota,47.3
10/12/2012,Mendota,48
10/29/2012,Mendota,49.77
11/12/2012,Mendota,48
12/12/2012,Mendota,47.1
2/12/2013,Mendota,50.96
2/13/2013,Mendota,47.3
3/13/2013,Mendota,54.1
4/29/2013,Mendota,52.36
5/13/2013,Mendota,48.8
6/13/2013,Mendota,51.9
7/13/2013,Mendota,46.2
8/5/2013,Mendota,49.6
8/13/2013,Mendota,46.8
9/13/2013,Mendota,52.1
10/13/2013,Mendota,49.2
10/29/2013,Mendota,50.79
2/3/2014,Mendota,55.87
3/14/2014,Mendota,47.8
4/14/2014,Mendota,53.4
4/29/2014,Mendota,52.66
6/14/2014,Mendota,48.2
7/14/2014,Mendota,49.2
8/4/2014,Mendota,51.1
8/14/2014,Mendota,48.9
9/14/2014,Mendota,49.2
10/14/2014,Mendota,49.5
10/30/2014,Mendota,51.24
12/13/2014,Mendota,48.3
12/14/2014,Mendota,49.9
2/11/2015,Mendota,55.31
4/15/2015,Mendota,51
4/24/2015,Mendota,52.58
6/15/2015,Mendota,49.8
7/15/2015,Mendota,52.4
8/3/2015,Mendota,53.77
8/15/2015,Mendota,51.5
9/15/2015,Mendota,48.8
10/15/2015,Mendota,49.5
11/2/2015,Mendota,53.31
1/27/2016,Mendota,53.75
2/16/2016,Mendota,45.7
3/16/2016,Mendota,48.9
4/12/2016,Mendota,53.26
4/16/2016,Mendota,53
6/16/2016,Mendota,47.5
7/16/2016,Mendota,48.6
8/1/2016,Mendota,52.15
8/16/2016,Mendota,52
9/16/2016,Mendota,49.1
10/16/2016,Mendota,48.5
11/9/2016,Mendota,51.23
12/16/2016,Mendota,45.1
1/17/2017,Mendota,49.9
2/6/2017,Mendota,42.89
3/17/2017,Mendota,48.9
4/17/2017,Mendota,51.1
4/17/2017,Mendota,55.84
5/17/2017,Mendota,51.6
6/17/2017,Mendota,50.1
7/17/2017,Mendota,46.7
8/7/2017,Mendota,53.12
10/17/2017,Mendota,51
11/2/2017,Mendota,54.89
12/17/2017,Mendota,49.5
1/18/2018,Mendota,54.4
1/23/2018,Mendota,56.67
2/18/2018,Mendota,50.6
4/18/2018,Mendota,52.1
5/18/2018,Mendota,51.4
6/18/2018,Mendota,49.8
7/18/2018,Mendota,51.4
8/6/2018,Mendota,55.64
8/18/2018,Mendota,45.9
9/18/2018,Mendota,47.2
10/29/2018,Mendota,51.69
11/18/2018,Mendota,49
12/18/2018,Mendota,47.6
2/19/2019,Mendota,50.6
2/21/2019,Mendota,54.85
4/15/2019,Mendota,54.33
4/19/2019,Mendota,50.9
6/19/2019,Mendota,49.9
8/5/2019,Mendota,51.38
8/19/2019,Mendota,49.7
9/19/2019,Mendota,49.8
10/19/2019,Mendota,47.5
10/28/2019,Mendota,50.72
12/19/2019,Mendota,52.2
2/12/2020,Mendota,52.77
3/3/2021,Mendota,52.47
5/17/2021,Mendota,53.66
8/12/2021,Mendota,51.96
11/4/2021,Mendota,53.02
2/8/2022,Mendota,62.93
5/16/2022,Mendota,60
8/9/2022,Mendota,53.95
11/1/2022,Mendota,54.1
2/2/2023,Mendota,61.5
4/10/2023,Mendota,57.9
7/3/2023,Mendota,57.5
8/30/2023,Mendota,55.9
3/12/2024,Mendota,61.8
4/10/2024,Mendota,57.2
6/27/2024,Mendota,54.6
7/17/2024,Mendota,49.3
8/28/2024,Mendota,51.9
9/18/2024,Mendota,53.4
10/29/2024,Mendota,52.4
7/1/1940,Monona,8
7/1/1941,Monona,6
7/1/1942,Monona,6
7/1/1943,Monona,8
7/1/1944,Monona,8
7/1/1945,Monona,10
7/1/1946,Monona,8
7/1/1947,Monona,12
7/1/1962,Monona,15
7/1/1963,Monona,15
7/1/1964,Monona,20
7/1/1965,Monona,21
7/1/1966,Monona,20
7/1/1967,Monona,21
7/1/1968,Monona,22
7/1/1969,Monona,22
7/1/1970,Monona,23
5/1/1972,Monona,28.8
10/1/1972,Monona,26.5
3/1/1973,Monona,25
4/1/1973,Monona,26.5
10/1/1973,Monona,22
2/1/1974,Monona,25
5/1/1974,Monona,22
6/1/1974,Monona,22
9/1/1974,Monona,22
10/1/1974,Monona,21
12/1/1974,Monona,22
1/1/1975,Monona,21.8
2/1/1975,Monona,23.5
3/1/1975,Monona,26
4/1/1975,Monona,27.2
5/1/1975,Monona,25.5
7/1/1975,Monona,21
8/1/1975,Monona,20.5
9/1/1975,Monona,21.2
10/1/1975,Monona,15
11/1/1975,Monona,21.5
12/1/1975,Monona,21
1/1/1976,Monona,22.8
2/1/1976,Monona,22
3/1/1976,Monona,23
4/1/1976,Monona,23.8
5/1/1976,Monona,21
6/1/1976,Monona,21.5
7/1/1976,Monona,22
8/1/1976,Monona,20
9/1/1976,Monona,22
10/1/1976,Monona,23
11/1/1976,Monona,21
12/1/1976,Monona,25
1/1/1977,Monona,24
2/1/1977,Monona,27
3/1/1977,Monona,26
4/1/1977,Monona,25
5/1/1977,Monona,24
6/1/1977,Monona,22
7/1/1977,Monona,22
8/1/1977,Monona,19
9/1/1977,Monona,23
10/1/1977,Monona,21
11/1/1977,Monona,22
12/1/1977,Monona,24
1/1/1978,Monona,22
2/1/1978,Monona,23
3/1/1978,Monona,25
4/1/1978,Monona,22
5/1/1978,Monona,23
6/1/1978,Monona,22
7/1/1978,Monona,19
8/1/1978,Monona,17
9/1/1978,Monona,34
10/1/1978,Monona,36
11/1/1978,Monona,23
12/1/1978,Monona,22
1/1/1979,Monona,22
2/1/1979,Monona,20
3/1/1979,Monona,25
4/1/1979,Monona,25
5/1/1979,Monona,24
6/1/1979,Monona,24
7/1/1979,Monona,24
8/1/1979,Monona,24
9/1/1979,Monona,23
10/1/1979,Monona,23
11/1/1979,Monona,23
12/1/1979,Monona,22
1/1/1980,Monona,24
2/1/1980,Monona,24
3/1/1980,Monona,26
4/1/1980,Monona,26
5/1/1980,Monona,29
6/1/1980,Monona,25
7/1/1980,Monona,26
8/1/1980,Monona,23
9/1/1980,Monona,27
10/1/1980,Monona,26
11/1/1980,Monona,24
12/1/1980,Monona,24
1/1/1981,Monona,25
2/1/1981,Monona,26
3/1/1981,Monona,24
4/1/1981,Monona,25
5/1/1981,Monona,24
6/1/1981,Monona,26
7/1/1981,Monona,25
8/1/1981,Monona,25
11/1/1981,Monona,23
12/1/1981,Monona,24
1/1/1982,Monona,25
2/1/1982,Monona,26
3/1/1982,Monona,26
4/1/1982,Monona,31
5/1/1982,Monona,27
6/1/1982,Monona,21
7/1/1982,Monona,26
8/1/1982,Monona,26
10/1/1982,Monona,26
11/1/1982,Monona,25
12/1/1982,Monona,24
1/1/1983,Monona,24
2/1/1983,Monona,26
3/1/1983,Monona,25
4/1/1983,Monona,27
5/1/1983,Monona,27
6/1/1983,Monona,25
7/1/1983,Monona,23
8/1/1983,Monona,27
9/1/1983,Monona,25
10/1/1983,Monona,26
11/1/1983,Monona,26
12/1/1983,Monona,25
1/1/1984,Monona,28
2/1/1984,Monona,28
3/1/1984,Monona,26
4/1/1984,Monona,25
5/1/1984,Monona,30.2
6/1/1984,Monona,27.6
7/1/1984,Monona,26
8/1/1984,Monona,26
9/1/1984,Monona,24
10/1/1984,Monona,26
11/1/1984,Monona,24
12/1/1984,Monona,26
1/1/1985,Monona,26
2/1/1985,Monona,27
3/1/1985,Monona,27
4/1/1985,Monona,30
5/1/1985,Monona,27
6/1/1985,Monona,26.5
7/1/1985,Monona,32
8/1/1985,Monona,28
9/1/1985,Monona,28
10/1/1985,Monona,26
11/1/1985,Monona,29
12/1/1985,Monona,26
1/1/1986,Monona,28
2/1/1986,Monona,27
3/1/1986,Monona,28
4/1/1986,Monona,26
5/1/1986,Monona,29
6/1/1986,Monona,32.5
7/1/1986,Monona,30
8/1/1986,Monona,28.4
9/1/1986,Monona,29
10/1/1986,Monona,29.2
11/1/1986,Monona,29.2
12/1/1986,Monona,29.4
1/1/1987,Monona,27.8
2/1/1987,Monona,31
3/1/1987,Monona,27.3
4/1/1987,Monona,29.7
5/1/1987,Monona,28.3
6/1/1987,Monona,29.2
7/1/1987,Monona,28.1
8/1/1987,Monona,31
9/1/1987,Monona,29.4
10/1/1987,Monona,31
11/1/1987,Monona,30
12/1/1987,Monona,29.2
1/1/1988,Monona,32
2/1/1988,Monona,30.6
3/1/1988,Monona,32.3
4/1/1988,Monona,34.3
5/1/1988,Monona,33.8
6/1/1988,Monona,36.4
7/1/1988,Monona,33.6
8/1/1988,Monona,35.8
9/1/1988,Monona,37.5
10/1/1988,Monona,35.2
11/1/1988,Monona,32.2
12/1/1988,Monona,32.6
1/1/1989,Monona,36.2
2/1/1989,Monona,38.2
3/1/1989,Monona,39.4
4/1/1989,Monona,37.8
5/1/1989,Monona,39.4
6/1/1989,Monona,38.4
7/1/1989,Monona,38.2
8/1/1989,Monona,35.8
9/1/1989,Monona,33
10/1/1989,Monona,39.2
11/1/1989,Monona,37.9
12/1/1989,Monona,37.5
1/1/1990,Monona,40
2/1/1990,Monona,42.1
3/1/1990,Monona,43.7
4/1/1990,Monona,38.3
5/1/1990,Monona,40.2
6/1/1990,Monona,39.1
7/1/1990,Monona,32
8/1/1990,Monona,36.1
9/1/1990,Monona,36.9
11/1/1990,Monona,31.4
12/1/1990,Monona,32.5
1/1/1991,Monona,35.4
2/1/1991,Monona,38.2
3/1/1991,Monona,38.7
4/1/1991,Monona,45.4
5/1/1991,Monona,42.2
6/1/1991,Monona,39.1
7/1/1991,Monona,37.3
8/1/1991,Monona,43.2
9/1/1991,Monona,42.2
10/1/1991,Monona,40.2
11/1/1991,Monona,41.4
12/1/1991,Monona,37.5
1/1/1992,Monona,38.3
2/1/1992,Monona,43.2
3/1/1992,Monona,36.5
4/1/1992,Monona,40.7
5/1/1992,Monona,39.3
6/1/1992,Monona,39.5
7/1/1992,Monona,42.5
8/1/1992,Monona,41.2
9/1/1992,Monona,40.5
10/1/1992,Monona,41.3
11/1/1992,Monona,39.4
12/1/1992,Monona,38.8
2/1/1993,Monona,41.3
3/1/1993,Monona,37
7/1/1993,Monona,41.3
10/1/1993,Monona,37.7
11/1/1993,Monona,36.8
12/1/1993,Monona,38.7
2/1/1994,Monona,39.3
3/1/1994,Monona,40.8
6/1/1994,Monona,40.4
7/1/1994,Monona,39.3
8/1/1994,Monona,41.3
9/1/1994,Monona,39
10/1/1994,Monona,38.8
11/1/1994,Monona,36.6
12/1/1994,Monona,38.3
1/1/1995,Monona,38.3
3/1/1995,Monona,37.6
4/1/1995,Monona,39.6
5/1/1995,Monona,39.5
6/1/1995,Monona,39.2
7/1/1995,Monona,39.9
8/1/1995,Monona,39.5
9/1/1995,Monona,38.7
10/1/1995,Monona,38.6
1/1/1996,Monona,42.2
3/1/1996,Monona,41.2
4/1/1996,Monona,45.2
5/1/1996,Monona,46
5/1/1996,Monona,43.72
6/1/1996,Monona,39.9
8/5/1996,Monona,39.51
9/1/1996,Monona,41.1
11/1/1996,Monona,44.4
11/25/1996,Monona,23.52
12/1/1996,Monona,43.6
1/1/1997,Monona,46.7
2/1/1997,Monona,44.5
3/1/1997,Monona,46.3
4/1/1997,Monona,56.9
5/1/1997,Monona,35.6
5/1/1997,Monona,49.05
6/1/1997,Monona,48
7/1/1997,Monona,41.8
8/7/1997,Monona,45.94
9/1/1997,Monona,49.9
11/1/1997,Monona,49.9
11/25/1997,Monona,46.76
4/27/1998,Monona,47.01
6/1/1998,Monona,43.8
7/1/1998,Monona,42.6
8/2/1998,Monona,41.76
9/1/1998,Monona,40.1
10/1/1998,Monona,40.4
10/27/1998,Monona,21.53
12/1/1998,Monona,40.5
2/1/1999,Monona,43.2
3/1/1999,Monona,42
4/12/1999,Monona,49.97
5/1/1999,Monona,45.8
7/1/1999,Monona,40.5
7/7/1999,Monona,43.77
8/1/1999,Monona,41
9/1/1999,Monona,42.2
10/1/1999,Monona,42.8
10/26/1999,Monona,44.4
12/1/1999,Monona,42.2
2/1/2000,Monona,41.3
4/1/2000,Monona,45.3
4/10/2000,Monona,46.79
5/1/2000,Monona,45.1
6/1/2000,Monona,39
7/1/2000,Monona,37.5
7/3/2000,Monona,40.04
8/1/2000,Monona,36.9
9/1/2000,Monona,36.3
10/1/2000,Monona,41.4
10/24/2000,Monona,38.86
11/1/2000,Monona,42.1
1/1/2001,Monona,42.2
1/15/2001,Monona,37.91
3/1/2001,Monona,44
4/1/2001,Monona,45.3
4/25/2001,Monona,46.3
5/1/2001,Monona,46.6
6/1/2001,Monona,45.5
7/1/2001,Monona,45.1
7/30/2001,Monona,44.1
10/1/2001,Monona,40.7
10/22/2001,Monona,40.33
11/1/2001,Monona,43
12/1/2001,Monona,43.3
1/2/2002,Monona,43.8
2/2/2002,Monona,43.4
3/2/2002,Monona,47.5
4/2/2002,Monona,46.9
4/23/2002,Monona,41.08
5/2/2002,Monona,46.3
6/2/2002,Monona,45.1
7/2/2002,Monona,45.8
7/16/2002,Monona,40.35
8/2/2002,Monona,46
9/2/2002,Monona,46.8
10/2/2002,Monona,43.1
10/22/2002,Monona,45.95
11/2/2002,Monona,46.7
12/2/2002,Monona,47.2
1/3/2003,Monona,46.9
2/3/2003,Monona,46.9
2/13/2003,Monona,48.35
3/3/2003,Monona,47.6
4/3/2003,Monona,50.7
4/15/2003,Monona,49.67
5/3/2003,Monona,46.8
6/3/2003,Monona,47.5
7/3/2003,Monona,47.6
8/3/2003,Monona,48.6
8/5/2003,Monona,49.12
9/3/2003,Monona,50.9
10/3/2003,Monona,47.2
10/29/2003,Monona,49.45
11/3/2003,Monona,45
12/3/2003,Monona,43.6
1/4/2004,Monona,47.5
2/4/2004,Monona,47.4
2/17/2004,Monona,47
3/4/2004,Monona,48.7
4/4/2004,Monona,48.3
4/13/2004,Monona,50.81
5/4/2004,Monona,57.3
6/4/2004,Monona,43.6
7/4/2004,Monona,46
8/4/2004,Monona,41.5
8/5/2004,Monona,4.58
9/4/2004,Monona,41.6
10/4/2004,Monona,42.1
11/4/2004,Monona,46.8
11/4/2004,Monona,45.68
12/4/2004,Monona,44.4
1/5/2005,Monona,46.2
2/3/2005,Monona,46.04
2/5/2005,Monona,47.8
3/5/2005,Monona,48.7
4/5/2005,Monona,51.5
4/18/2005,Monona,59.46
5/5/2005,Monona,50.8
6/5/2005,Monona,52.7
7/5/2005,Monona,55.5
8/3/2005,Monona,56.51
8/5/2005,Monona,53.6
9/5/2005,Monona,53.3
10/5/2005,Monona,53.8
11/3/2005,Monona,57.82
11/5/2005,Monona,53.5
12/5/2005,Monona,59.1
1/6/2006,Monona,50.7
2/6/2006,Monona,54.8
3/6/2006,Monona,67.5
4/19/2006,Monona,64.08
5/6/2006,Monona,52.1
6/6/2006,Monona,52.5
7/6/2006,Monona,52
8/6/2006,Monona,51.6
8/8/2006,Monona,54.29
9/6/2006,Monona,50.3
10/6/2006,Monona,50.3
10/30/2006,Monona,53.71
11/6/2006,Monona,48.9
12/6/2006,Monona,47.9
1/5/2007,Monona,52.36
1/7/2007,Monona,50.3
2/7/2007,Monona,53.1
2/26/2007,Monona,50.57
3/7/2007,Monona,52
4/7/2007,Monona,53.7
4/17/2007,Monona,54.82
6/7/2007,Monona,52.2
7/7/2007,Monona,52.5
8/7/2007,Monona,49.59
9/7/2007,Monona,51.1
10/7/2007,Monona,47.4
10/29/2007,Monona,49.06
11/7/2007,Monona,46.5
3/3/2008,Monona,52.45
3/8/2008,Monona,61.1
4/8/2008,Monona,55.6
4/17/2008,Monona,67.12
5/8/2008,Monona,60.6
6/8/2008,Monona,53.5
7/8/2008,Monona,49.7
8/5/2008,Monona,50.57
8/8/2008,Monona,51.4
9/8/2008,Monona,53.2
10/8/2008,Monona,52.5
10/31/2008,Monona,51.03
11/8/2008,Monona,53.4
12/8/2008,Monona,52.9
1/9/2009,Monona,52.2
2/5/2009,Monona,52.61
2/9/2009,Monona,55
3/9/2009,Monona,57.1
4/9/2009,Monona,60.6
4/17/2009,Monona,62.9
5/9/2009,Monona,57.9
6/9/2009,Monona,55
7/9/2009,Monona,53.3
8/4/2009,Monona,58.35
8/9/2009,Monona,56.6
9/9/2009,Monona,56.7
10/9/2009,Monona,47.3
10/30/2009,Monona,58.62
11/9/2009,Monona,51.3
12/9/2009,Monona,56.5
1/10/2010,Monona,53.6
2/3/2010,Monona,58.37
2/10/2010,Monona,54.6
3/10/2010,Monona,56.8
4/10/2010,Monona,59.5
4/12/2010,Monona,65.25
5/10/2010,Monona,61.2
6/10/2010,Monona,54.1
7/10/2010,Monona,54
8/4/2010,Monona,54.95
8/10/2010,Monona,56.1
9/10/2010,Monona,56.9
10/10/2010,Monona,52.6
11/2/2010,Monona,54.56
11/10/2010,Monona,55.3
1/11/2011,Monona,53.5
1/26/2011,Monona,57.84
2/11/2011,Monona,53.5
3/11/2011,Monona,54.1
4/11/2011,Monona,65.8
5/11/2011,Monona,62.1
5/17/2011,Monona,64.52
6/11/2011,Monona,61.8
7/11/2011,Monona,59.7
8/9/2011,Monona,63.72
8/11/2011,Monona,62.6
9/11/2011,Monona,61
10/11/2011,Monona,61.8
11/1/2011,Monona,64.63
11/11/2011,Monona,61.6
12/11/2011,Monona,59
1/12/2012,Monona,61.5
2/12/2012,Monona,64
3/12/2012,Monona,61.2
4/12/2012,Monona,69
4/18/2012,Monona,68.55
5/12/2012,Monona,65.2
6/12/2012,Monona,66.9
8/7/2012,Monona,68.9
8/12/2012,Monona,69.7
9/12/2012,Monona,68.6
10/12/2012,Monona,67.4
11/1/2012,Monona,67.52
11/12/2012,Monona,64.8
12/12/2012,Monona,65.2
2/5/2013,Monona,68.97
2/13/2013,Monona,71.1
3/13/2013,Monona,78.3
5/8/2013,Monona,79.43
5/13/2013,Monona,78.6
6/13/2013,Monona,71.3
7/13/2013,Monona,65.2
8/6/2013,Monona,65.13
8/13/2013,Monona,63.1
9/13/2013,Monona,65.4
10/13/2013,Monona,68.7
10/30/2013,Monona,69.37
2/14/2014,Monona,68.1
3/13/2014,Monona,71.13
3/14/2014,Monona,70.2
4/14/2014,Monona,76.9
4/30/2014,Monona,77.29
6/14/2014,Monona,68.4
7/14/2014,Monona,69.5
8/5/2014,Monona,68.13
8/14/2014,Monona,66.3
9/14/2014,Monona,66.3
10/14/2014,Monona,69.4
11/5/2014,Monona,68.64
12/13/2014,Monona,67.4
12/14/2014,Monona,67.3
1/15/2015,Monona,67
2/15/2015,Monona,68.8
3/6/2015,Monona,72.02
4/14/2015,Monona,71.74
4/15/2015,Monona,73.6
6/15/2015,Monona,71.1
7/15/2015,Monona,65.1
8/4/2015,Monona,71.86
8/15/2015,Monona,68.3
9/15/2015,Monona,67.8
10/15/2015,Monona,67
11/3/2015,Monona,67.54
2/4/2016,Monona,65.5
2/16/2016,Monona,64.6
3/16/2016,Monona,69.4
4/13/2016,Monona,71.7
4/16/2016,Monona,71.2
6/16/2016,Monona,67.1
7/16/2016,Monona,68.1
8/2/2016,Monona,67.94
8/16/2016,Monona,68.3
9/16/2016,Monona,65.2
10/16/2016,Monona,61.6
11/10/2016,Monona,63.9
12/16/2016,Monona,58.9
1/17/2017,Monona,58.9
2/13/2017,Monona,64.98
3/17/2017,Monona,64.5
4/17/2017,Monona,76.1
4/19/2017,Monona,78.75
5/17/2017,Monona,71.3
6/17/2017,Monona,70.7
7/17/2017,Monona,65.4
8/8/2017,Monona,69
8/17/2017,Monona,64.8
10/17/2017,Monona,64.4
11/3/2017,Monona,70.32
12/17/2017,Monona,68.2
1/18/2018,Monona,66.5
1/24/2018,Monona,64
2/18/2018,Monona,67.1
4/18/2018,Monona,70.2
4/24/2018,Monona,76.63
5/18/2018,Monona,70.7
6/18/2018,Monona,64.6
7/18/2018,Monona,63.7
8/7/2018,Monona,69.43
8/18/2018,Monona,58.6
9/18/2018,Monona,57.2
10/31/2018,Monona,63.17
11/18/2018,Monona,59.6
12/18/2018,Monona,57.3
2/19/2019,Monona,64.3
2/27/2019,Monona,65.64
4/16/2019,Monona,79.19
4/19/2019,Monona,79.7
6/19/2019,Monona,67.8
8/6/2019,Monona,66.08
10/29/2019,Monona,64.71
12/19/2019,Monona,65.1
2/27/2020,Monona,65.33
3/3/2021,Monona,64.88
4/28/2021,Monona,72.24
8/13/2021,Monona,70.79
11/8/2021,Monona,70.25
2/1/2022,Monona,82.58
5/19/2022,Monona,87.1
8/10/2022,Monona,71.07
11/2/2022,Monona,66.92
2/2/2023,Monona,74.8
4/10/2023,Monona,80.4
7/3/2023,Monona,84.1
8/30/2023,Monona,79.8
10/2/2023,Monona,79.2
4/10/2024,Monona,67.1
6/27/2024,Monona,70.7
7/17/2024,Monona,68
8/28/2024,Monona,65.3
8/28/2024,Monona,32.6
9/18/2024,Monona,67.3
10/29/2024,Monona,70.4
11/1/1970,Waubesa,21.8
5/1/1972,Waubesa,25.5
10/1/1972,Waubesa,25.2
4/1/1973,Waubesa,25
10/1/1973,Waubesa,23
4/1/1974,Waubesa,21
6/1/1974,Waubesa,22
9/1/1974,Waubesa,21
10/1/1974,Waubesa,22
12/1/1974,Waubesa,22
1/1/1975,Waubesa,21.5
2/1/1975,Waubesa,22
3/1/1975,Waubesa,23.2
4/1/1975,Waubesa,21.5
5/1/1975,Waubesa,22.2
6/1/1975,Waubesa,22
7/1/1975,Waubesa,22
8/1/1975,Waubesa,22
9/1/1975,Waubesa,21.8
10/1/1975,Waubesa,21.2
11/1/1975,Waubesa,22.5
12/1/1975,Waubesa,21
1/1/1976,Waubesa,22
2/1/1976,Waubesa,23
3/1/1976,Waubesa,30
4/1/1976,Waubesa,22.5
5/1/1976,Waubesa,21
6/1/1976,Waubesa,22
7/1/1976,Waubesa,23
8/1/1976,Waubesa,22
9/1/1976,Waubesa,23
10/1/1976,Waubesa,23
11/1/1976,Waubesa,22
12/1/1976,Waubesa,27
1/1/1977,Waubesa,25
2/1/1977,Waubesa,30
3/1/1977,Waubesa,26
4/1/1977,Waubesa,23
5/1/1977,Waubesa,22
6/1/1977,Waubesa,23
7/1/1977,Waubesa,33
8/1/1977,Waubesa,15
9/1/1977,Waubesa,22
10/1/1977,Waubesa,23
11/1/1977,Waubesa,23
12/1/1977,Waubesa,25
1/1/1978,Waubesa,25
2/1/1978,Waubesa,26
3/1/1978,Waubesa,28
4/1/1978,Waubesa,19
5/1/1978,Waubesa,22
6/1/1978,Waubesa,24
7/1/1978,Waubesa,19
8/1/1978,Waubesa,21
9/1/1978,Waubesa,55
10/1/1978,Waubesa,32
11/1/1978,Waubesa,24
12/1/1978,Waubesa,22
1/1/1979,Waubesa,24
2/1/1979,Waubesa,25
3/1/1979,Waubesa,24
4/1/1979,Waubesa,21
5/1/1979,Waubesa,23
6/1/1979,Waubesa,24
7/1/1979,Waubesa,24
8/1/1979,Waubesa,25
9/1/1979,Waubesa,23
10/1/1979,Waubesa,24
11/1/1979,Waubesa,24
12/1/1979,Waubesa,22
1/1/1980,Waubesa,24
2/1/1980,Waubesa,26
3/1/1980,Waubesa,26
4/1/1980,Waubesa,28
5/1/1980,Waubesa,27
6/1/1980,Waubesa,26
7/1/1980,Waubesa,25
8/1/1980,Waubesa,23
9/1/1980,Waubesa,24
10/1/1980,Waubesa,25
11/1/1980,Waubesa,25
1/1/1981,Waubesa,28
2/1/1981,Waubesa,27
3/1/1981,Waubesa,23
4/1/1981,Waubesa,25
5/1/1981,Waubesa,25
6/1/1981,Waubesa,27
7/1/1981,Waubesa,25
8/1/1981,Waubesa,25
11/1/1981,Waubesa,23
12/1/1981,Waubesa,24
1/1/1982,Waubesa,26
2/1/1982,Waubesa,27
3/1/1982,Waubesa,27
4/1/1982,Waubesa,25
5/1/1982,Waubesa,27
6/1/1982,Waubesa,25
7/1/1982,Waubesa,26
8/1/1982,Waubesa,26
10/1/1982,Waubesa,27
11/1/1982,Waubesa,26
12/1/1982,Waubesa,25
1/1/1983,Waubesa,25
2/1/1983,Waubesa,25
3/1/1983,Waubesa,27
4/1/1983,Waubesa,27
5/1/1983,Waubesa,28
6/1/1983,Waubesa,26
7/1/1983,Waubesa,24
8/1/1983,Waubesa,27
9/1/1983,Waubesa,26
10/1/1983,Waubesa,28
11/1/1983,Waubesa,28
12/1/1983,Waubesa,27
1/1/1984,Waubesa,35
2/1/1984,Waubesa,29.5
3/1/1984,Waubesa,28
4/1/1984,Waubesa,25
5/1/1984,Waubesa,27
6/1/1984,Waubesa,27
7/1/1984,Waubesa,26.5
8/1/1984,Waubesa,26
9/1/1984,Waubesa,26
10/1/1984,Waubesa,28
11/1/1984,Waubesa,28
12/1/1984,Waubesa,26.5
1/1/1985,Waubesa,28
2/1/1985,Waubesa,30
3/1/1985,Waubesa,30.5
4/1/1985,Waubesa,27
5/1/1985,Waubesa,28
6/1/1985,Waubesa,28
7/1/1985,Waubesa,28
8/1/1985,Waubesa,28
9/1/1985,Waubesa,27
10/1/1985,Waubesa,27
11/1/1985,Waubesa,29
12/1/1985,Waubesa,27
1/1/1986,Waubesa,30
2/1/1986,Waubesa,30
3/1/1986,Waubesa,31
4/1/1986,Waubesa,21
5/1/1986,Waubesa,29
6/1/1986,Waubesa,30.5
7/1/1986,Waubesa,32.8
8/1/1986,Waubesa,30
10/1/1986,Waubesa,31.4
11/1/1986,Waubesa,29.4
12/1/1986,Waubesa,30.2
1/1/1987,Waubesa,29.2
2/1/1987,Waubesa,32
3/1/1987,Waubesa,29.9
4/1/1987,Waubesa,30.3
5/1/1987,Waubesa,32.5
6/1/1987,Waubesa,28.9
7/1/1987,Waubesa,28.8
8/1/1987,Waubesa,30
9/1/1987,Waubesa,29.4
10/1/1987,Waubesa,28
11/1/1987,Waubesa,33
12/1/1987,Waubesa,31.3
1/1/1988,Waubesa,29.2
2/1/1988,Waubesa,32.2
3/1/1988,Waubesa,33.8
4/1/1988,Waubesa,31
5/1/1988,Waubesa,29.8
6/1/1988,Waubesa,32.9
7/1/1988,Waubesa,32.1
8/1/1988,Waubesa,34.5
9/1/1988,Waubesa,35.9
10/1/1988,Waubesa,34
11/1/1988,Waubesa,30.8
12/1/1988,Waubesa,30.6
1/1/1989,Waubesa,36.8
2/1/1989,Waubesa,37.2
3/1/1989,Waubesa,36.2
4/1/1989,Waubesa,36.8
5/1/1989,Waubesa,37.4
6/1/1989,Waubesa,54.2
7/1/1989,Waubesa,38.2
8/1/1989,Waubesa,31.8
9/1/1989,Waubesa,32
10/1/1989,Waubesa,36.6
11/1/1989,Waubesa,36.6
12/1/1989,Waubesa,38.1
1/1/1990,Waubesa,39.8
2/1/1990,Waubesa,43
3/1/1990,Waubesa,42.2
4/1/1990,Waubesa,38.3
5/1/1990,Waubesa,37.8
6/1/1990,Waubesa,37.2
7/1/1990,Waubesa,38.3
8/1/1990,Waubesa,36.8
9/1/1990,Waubesa,26.9
11/1/1990,Waubesa,38.3
12/1/1990,Waubesa,36.1
1/1/1991,Waubesa,40.7
2/1/1991,Waubesa,38.6
4/1/1991,Waubesa,39.5
5/1/1991,Waubesa,39.6
6/1/1991,Waubesa,40.5
7/1/1991,Waubesa,33.7
8/1/1991,Waubesa,41.3
9/1/1991,Waubesa,39.6
10/1/1991,Waubesa,39.8
11/1/1991,Waubesa,38.3
12/1/1991,Waubesa,36.1
1/1/1992,Waubesa,38.4
2/1/1992,Waubesa,40.3
3/1/1992,Waubesa,36.9
4/1/1992,Waubesa,38.4
5/1/1992,Waubesa,39.1
6/1/1992,Waubesa,38.6
12/1/1992,Waubesa,38.1
2/1/1993,Waubesa,43.3
3/1/1993,Waubesa,37.8
7/1/1993,Waubesa,41.2
10/1/1993,Waubesa,37.7
11/1/1993,Waubesa,37.5
12/1/1993,Waubesa,39.2
2/1/1994,Waubesa,39.1
3/1/1994,Waubesa,41.8
6/1/1994,Waubesa,39.7
7/1/1994,Waubesa,39.2
8/1/1994,Waubesa,39.9
9/1/1994,Waubesa,39
10/1/1994,Waubesa,38.4
11/1/1994,Waubesa,37.5
12/1/1994,Waubesa,39.1
1/1/1995,Waubesa,38.8
3/1/1995,Waubesa,36.8
4/1/1995,Waubesa,38.1
5/1/1995,Waubesa,38
6/1/1995,Waubesa,39.2
7/1/1995,Waubesa,39.1
8/1/1995,Waubesa,39.2
9/1/1995,Waubesa,39.6
10/1/1995,Waubesa,38.9
1/1/1996,Waubesa,43.8
2/6/1996,Waubesa,38.39
3/1/1996,Waubesa,44.1
4/1/1996,Waubesa,41.3
5/1/1996,Waubesa,41.5
5/1/1996,Waubesa,41.91
6/1/1996,Waubesa,35.8
9/1/1996,Waubesa,40.7
11/1/1996,Waubesa,22.37
12/1/1996,Waubesa,42.8
1/1/1997,Waubesa,45.1
2/1/1997,Waubesa,46
2/20/1997,Waubesa,43.6
3/1/1997,Waubesa,45.1
4/1/1997,Waubesa,47.4
5/1/1997,Waubesa,41
5/5/1997,Waubesa,47.68
6/1/1997,Waubesa,47.4
7/1/1997,Waubesa,45.3
8/4/1997,Waubesa,55.87
9/1/1997,Waubesa,51
11/25/1997,Waubesa,45.06
1/1/1998,Waubesa,46.6
2/1/1998,Waubesa,46.6
4/1/1998,Waubesa,45.8
4/21/1998,Waubesa,45.16
6/1/1998,Waubesa,45.2
7/1/1998,Waubesa,43.7
8/6/1998,Waubesa,43.67
9/1/1998,Waubesa,41.9
10/1/1998,Waubesa,39.9
12/1/1998,Waubesa,41.5
2/1/1999,Waubesa,45.9
2/4/1999,Waubesa,49.58
3/1/1999,Waubesa,42.1
4/14/1999,Waubesa,46.93
5/1/1999,Waubesa,41.8
7/1/1999,Waubesa,39.9
7/8/1999,Waubesa,43.48
8/1/1999,Waubesa,42
9/1/1999,Waubesa,41.9
10/1/1999,Waubesa,42
10/27/1999,Waubesa,44.08
12/1/1999,Waubesa,44.5
1/1/2000,Waubesa,44.9
1/31/2000,Waubesa,48.8
2/1/2000,Waubesa,40.4
4/1/2000,Waubesa,43.1
4/11/2000,Waubesa,44.58
5/1/2000,Waubesa,41.7
6/1/2000,Waubesa,38.8
7/1/2000,Waubesa,38.1
7/5/2000,Waubesa,40.53
8/1/2000,Waubesa,37.5
9/1/2000,Waubesa,38.2
10/1/2000,Waubesa,41.3
10/26/2000,Waubesa,39.72
11/1/2000,Waubesa,38.3
1/1/2001,Waubesa,44.1
1/16/2001,Waubesa,39.43
2/1/2001,Waubesa,47
3/1/2001,Waubesa,47.3
4/1/2001,Waubesa,42.9
4/25/2001,Waubesa,41.01
5/1/2001,Waubesa,46.9
6/1/2001,Waubesa,46.7
7/1/2001,Waubesa,47.9
7/31/2001,Waubesa,42.95
10/1/2001,Waubesa,44.1
10/23/2001,Waubesa,40.3
11/1/2001,Waubesa,45.4
12/1/2001,Waubesa,45
1/2/2002,Waubesa,47.4
2/2/2002,Waubesa,45
3/2/2002,Waubesa,44.9
4/2/2002,Waubesa,46.1
4/22/2002,Waubesa,39.96
5/2/2002,Waubesa,46.2
6/2/2002,Waubesa,45.7
7/2/2002,Waubesa,46.9
7/19/2002,Waubesa,38.74
8/2/2002,Waubesa,47.2
9/2/2002,Waubesa,47.2
10/2/2002,Waubesa,43.9
10/24/2002,Waubesa,14.54
11/2/2002,Waubesa,44.1
12/2/2002,Waubesa,45.4
1/3/2003,Waubesa,46.9
2/3/2003,Waubesa,47.4
2/10/2003,Waubesa,49.07
3/3/2003,Waubesa,44
4/3/2003,Waubesa,44.6
4/17/2003,Waubesa,45.01
5/3/2003,Waubesa,44.6
6/3/2003,Waubesa,46.1
7/3/2003,Waubesa,45.5
8/3/2003,Waubesa,47.7
8/7/2003,Waubesa,47.94
9/3/2003,Waubesa,46.9
10/3/2003,Waubesa,46.8
11/3/2003,Waubesa,44.5
12/3/2003,Waubesa,46.3
1/4/2004,Waubesa,47.2
2/4/2004,Waubesa,48.5
2/10/2004,Waubesa,53.14
3/4/2004,Waubesa,46.3
4/4/2004,Waubesa,46.6
4/15/2004,Waubesa,48.77
5/4/2004,Waubesa,46.7
6/4/2004,Waubesa,42.6
7/4/2004,Waubesa,41.8
8/4/2004,Waubesa,41.7
8/4/2004,Waubesa,45.67
9/4/2004,Waubesa,41.5
10/4/2004,Waubesa,42.6
11/4/2004,Waubesa,42.6
11/9/2004,Waubesa,22.7
12/4/2004,Waubesa,43.5
1/5/2005,Waubesa,49.6
2/5/2005,Waubesa,53.6
3/2/2005,Waubesa,19.51
3/5/2005,Waubesa,52.3
4/5/2005,Waubesa,46.4
5/5/2005,Waubesa,47.2
6/5/2005,Waubesa,49.3
7/5/2005,Waubesa,53.2
8/4/2005,Waubesa,51.77
8/5/2005,Waubesa,54
9/5/2005,Waubesa,50.4
10/5/2005,Waubesa,55.3
10/26/2005,Waubesa,18.32
11/5/2005,Waubesa,52.6
12/5/2005,Waubesa,53.9
1/6/2006,Waubesa,53.2
2/6/2006,Waubesa,52.9
3/6/2006,Waubesa,50.7
5/6/2006,Waubesa,51.6
6/6/2006,Waubesa,52.4
7/6/2006,Waubesa,52.2
8/6/2006,Waubesa,51.8
8/9/2006,Waubesa,52.98
9/6/2006,Waubesa,48
10/6/2006,Waubesa,48.4
11/6/2006,Waubesa,49.1
11/8/2006,Waubesa,52.75
12/6/2006,Waubesa,48.6
1/7/2007,Waubesa,51.4
2/7/2007,Waubesa,58.7
3/7/2007,Waubesa,53.5
4/7/2007,Waubesa,50.3
6/7/2007,Waubesa,52.4
7/7/2007,Waubesa,53.1
9/7/2007,Waubesa,50.4
10/7/2007,Waubesa,47.6
11/7/2007,Waubesa,48.5
1/8/2008,Waubesa,56.3
2/8/2008,Waubesa,55.8
3/8/2008,Waubesa,61.6
4/8/2008,Waubesa,57.3
4/17/2008,Waubesa,56.16
5/8/2008,Waubesa,59.4
6/8/2008,Waubesa,54.8
7/8/2008,Waubesa,49.9
8/6/2008,Waubesa,51.64
8/8/2008,Waubesa,52.6
9/8/2008,Waubesa,53.7
10/8/2008,Waubesa,52.2
11/3/2008,Waubesa,49.18
11/8/2008,Waubesa,54
12/8/2008,Waubesa,55.1
1/9/2009,Waubesa,45
2/9/2009,Waubesa,54.2
2/16/2009,Waubesa,40.97
3/9/2009,Waubesa,52.9
4/9/2009,Waubesa,56.5
4/24/2009,Waubesa,60.16
5/9/2009,Waubesa,58.5
6/9/2009,Waubesa,55.5
7/9/2009,Waubesa,54.3
8/3/2009,Waubesa,17.16
8/9/2009,Waubesa,56.5
9/9/2009,Waubesa,57.3
10/9/2009,Waubesa,52.5
11/4/2009,Waubesa,57.59
11/9/2009,Waubesa,56.9
12/9/2009,Waubesa,53.8
1/10/2010,Waubesa,56.8
2/10/2010,Waubesa,60.6
2/10/2010,Waubesa,8.4
3/10/2010,Waubesa,57.7
4/10/2010,Waubesa,55
4/15/2010,Waubesa,59.12
5/10/2010,Waubesa,58.4
6/10/2010,Waubesa,55.1
7/10/2010,Waubesa,54.7
8/5/2010,Waubesa,55.29
8/10/2010,Waubesa,56.1
9/10/2010,Waubesa,55.5
10/10/2010,Waubesa,53.1
11/10/2010,Waubesa,55.9
12/10/2010,Waubesa,56.7
1/11/2011,Waubesa,57.5
2/11/2011,Waubesa,62.5
2/23/2011,Waubesa,33.67
3/11/2011,Waubesa,65.1
4/11/2011,Waubesa,55.9
5/11/2011,Waubesa,60.9
5/20/2011,Waubesa,63.14
6/11/2011,Waubesa,58
7/11/2011,Waubesa,62.7
8/10/2011,Waubesa,65.52
8/11/2011,Waubesa,63.3
9/11/2011,Waubesa,62
10/11/2011,Waubesa,62.6
11/7/2011,Waubesa,65.15
11/11/2011,Waubesa,61.9
12/11/2011,Waubesa,60.2
1/12/2012,Waubesa,61.8
2/12/2012,Waubesa,62.2
3/12/2012,Waubesa,61.7
4/12/2012,Waubesa,65.3
5/12/2012,Waubesa,63.8
8/8/2012,Waubesa,69.46
11/7/2012,Waubesa,69.24
12/12/2012,Waubesa,66.9
2/13/2013,Waubesa,72.1
3/13/2013,Waubesa,78.8
5/13/2013,Waubesa,72.1
6/13/2013,Waubesa,72.1
7/13/2013,Waubesa,64
8/8/2013,Waubesa,67.07
8/13/2013,Waubesa,65.1
9/13/2013,Waubesa,65.8
10/13/2013,Waubesa,68.6
10/31/2013,Waubesa,68.85
1/14/2014,Waubesa,73.8
1/30/2014,Waubesa,74.48
2/14/2014,Waubesa,78.6
3/14/2014,Waubesa,76.5
4/14/2014,Waubesa,70.2
5/2/2014,Waubesa,71.19
6/14/2014,Waubesa,70.2
7/14/2014,Waubesa,69.8
8/6/2014,Waubesa,70.12
8/14/2014,Waubesa,68.8
9/14/2014,Waubesa,69.6
10/14/2014,Waubesa,67.7
11/7/2014,Waubesa,69.28
12/13/2014,Waubesa,68.8
12/14/2014,Waubesa,72
1/15/2015,Waubesa,72.3
2/15/2015,Waubesa,73.2
4/15/2015,Waubesa,70.1
4/17/2015,Waubesa,68.78
6/15/2015,Waubesa,68.9
8/5/2015,Waubesa,72.1
8/15/2015,Waubesa,71.2
9/15/2015,Waubesa,68.8
10/15/2015,Waubesa,68.1
11/3/2015,Waubesa,70.82
2/16/2016,Waubesa,70
2/17/2016,Waubesa,72.99
3/16/2016,Waubesa,65.5
4/14/2016,Waubesa,71.48
4/16/2016,Waubesa,72.1
6/16/2016,Waubesa,69.2
7/16/2016,Waubesa,70.5
8/3/2016,Waubesa,69.25
8/16/2016,Waubesa,70.9
9/16/2016,Waubesa,64.2
10/16/2016,Waubesa,65.1
11/15/2016,Waubesa,65.06
12/16/2016,Waubesa,62.6
1/17/2017,Waubesa,70.4
3/17/2017,Waubesa,76.3
4/17/2017,Waubesa,75.8
4/25/2017,Waubesa,78.97
5/17/2017,Waubesa,68.1
6/17/2017,Waubesa,69.2
7/17/2017,Waubesa,63.5
8/9/2017,Waubesa,67
8/17/2017,Waubesa,63.6
10/17/2017,Waubesa,68.1
11/6/2017,Waubesa,70.22
12/17/2017,Waubesa,67.1
1/18/2018,Waubesa,68.9
2/18/2018,Waubesa,71.5
4/18/2018,Waubesa,63.5
4/26/2018,Waubesa,74.36
5/18/2018,Waubesa,70.4
6/18/2018,Waubesa,57.7
7/18/2018,Waubesa,61
8/9/2018,Waubesa,66.9
8/18/2018,Waubesa,59.5
9/18/2018,Waubesa,59.9
11/1/2018,Waubesa,62.43
11/18/2018,Waubesa,61.1
12/18/2018,Waubesa,61.8
2/19/2019,Waubesa,71.9
4/19/2019,Waubesa,71.8
6/19/2019,Waubesa,73.2
8/19/2019,Waubesa,67.8
9/19/2019,Waubesa,67.1
10/19/2019,Waubesa,51.1
12/19/2019,Waubesa,66.7
5/18/2022,Waubesa,82.03
8/12/2022,Waubesa,73.78
11/7/2022,Waubesa,69.8
2/2/2023,Waubesa,81.4
4/10/2023,Waubesa,80.8
7/3/2023,Waubesa,84.9
8/30/2023,Waubesa,80.6
3/12/2024,Waubesa,87.1
4/10/2024,Waubesa,80.5
6/27/2024,Waubesa,78
7/17/2024,Waubesa,69.5
8/28/2024,Waubesa,68.5
9/18/2024,Waubesa,69
10/29/2024,Waubesa,71.2
1/31/1940,Wingra,9.4
3/11/1940,Wingra,6
5/28/1940,Wingra,7.44
6/25/1940,Wingra,4.9
7/30/1940,Wingra,7.52
8/27/1940,Wingra,2.44
9/10/1940,Wingra,1.62
10/30/1940,Wingra,4.8
12/18/1940,Wingra,1.74
1/27/1941,Wingra,2.08
3/7/1941,Wingra,6.75
5/19/1941,Wingra,4.05
6/17/1941,Wingra,3.32
7/8/1941,Wingra,16.42
7/29/1941,Wingra,5.07
8/20/1941,Wingra,2.2
9/10/1941,Wingra,2.82
10/2/1941,Wingra,2.39
11/10/1941,Wingra,2.12
3/15/1962,Wingra,13
3/22/1962,Wingra,11
3/26/1962,Wingra,10
3/30/1962,Wingra,8
4/23/1962,Wingra,14
6/12/1962,Wingra,14
10/24/1962,Wingra,14
3/8/1963,Wingra,15
4/2/1963,Wingra,14
2/11/1964,Wingra,19
10/15/1964,Wingra,19
2/10/1965,Wingra,35
11/3/1965,Wingra,34
9/15/1966,Wingra,27
10/17/1967,Wingra,30
9/13/1968,Wingra,26
9/9/1969,Wingra,48
4/3/1970,Wingra,42
10/1/1970,Wingra,39
10/22/1970,Wingra,39
2/1/1971,Wingra,44
5/1/1971,Wingra,49
10/1/1971,Wingra,50
3/1/1972,Wingra,50
5/1/1972,Wingra,65
10/1/1972,Wingra,58
11/1/1972,Wingra,58
1/1/1973,Wingra,56
3/1/1973,Wingra,71
4/1/1973,Wingra,70
6/1/1973,Wingra,64
6/1/1973,Wingra,58
7/1/1973,Wingra,64
9/1/1973,Wingra,65
10/1/1973,Wingra,62
1/1/1974,Wingra,63.2
2/1/1974,Wingra,58.5
3/1/1974,Wingra,51
4/1/1974,Wingra,51
5/1/1974,Wingra,50.5
6/1/1974,Wingra,48
7/1/1974,Wingra,50
9/1/1974,Wingra,50
10/1/1974,Wingra,49
12/1/1974,Wingra,49.5
1/1/1975,Wingra,52
2/1/1975,Wingra,52
3/1/1975,Wingra,53.2
4/1/1975,Wingra,45
5/1/1975,Wingra,49.5
6/1/1975,Wingra,47
7/1/1975,Wingra,43
8/1/1975,Wingra,41
9/1/1975,Wingra,42
10/1/1975,Wingra,45
11/1/1975,Wingra,42.5
12/1/1975,Wingra,41.5
1/1/1976,Wingra,46
2/1/1976,Wingra,43.8
3/1/1976,Wingra,43.5
4/1/1976,Wingra,48
5/1/1976,Wingra,47
6/1/1976,Wingra,47
7/1/1976,Wingra,56
8/1/1976,Wingra,52
9/1/1976,Wingra,56
10/1/1976,Wingra,58
11/1/1976,Wingra,55
12/1/1976,Wingra,60
1/1/1977,Wingra,65
2/1/1977,Wingra,69.3
3/1/1977,Wingra,60
4/1/1977,Wingra,50
5/1/1977,Wingra,51
6/1/1977,Wingra,52
7/1/1977,Wingra,49
9/1/1977,Wingra,47
10/1/1977,Wingra,44
11/1/1977,Wingra,43
12/1/1977,Wingra,48.5
1/1/1978,Wingra,52
2/1/1978,Wingra,53
3/1/1978,Wingra,60
4/1/1978,Wingra,48
5/1/1978,Wingra,43
6/1/1978,Wingra,42
7/1/1978,Wingra,33
8/1/1978,Wingra,32
9/1/1978,Wingra,21
10/1/1978,Wingra,40
11/1/1978,Wingra,37
12/1/1978,Wingra,35
1/1/1979,Wingra,39.2
2/1/1979,Wingra,40
3/1/1979,Wingra,42
4/1/1979,Wingra,33.7
5/1/1979,Wingra,42.2
6/1/1979,Wingra,28.9
7/1/1979,Wingra,29.8
8/1/1979,Wingra,46.5
9/1/1979,Wingra,43.7
10/1/1979,Wingra,44.7
11/1/1979,Wingra,43.4
12/1/1979,Wingra,44.4
1/1/1980,Wingra,45.7
2/1/1980,Wingra,50
3/1/1980,Wingra,50.6
4/1/1980,Wingra,49
5/1/1980,Wingra,56
6/1/1980,Wingra,63
7/1/1980,Wingra,56
8/1/1980,Wingra,52
9/1/1980,Wingra,50
10/1/1980,Wingra,44.9
11/1/1980,Wingra,45.5
12/1/1980,Wingra,45.8
1/1/1981,Wingra,52.1
2/1/1981,Wingra,54.6
3/1/1981,Wingra,50.9
4/1/1981,Wingra,53.2
5/1/1981,Wingra,52.1
6/1/1981,Wingra,55.7
7/1/1981,Wingra,53
8/1/1981,Wingra,50.5
11/1/1981,Wingra,42.5
12/1/1981,Wingra,44.5
1/1/1982,Wingra,51
2/1/1982,Wingra,52.5
3/1/1982,Wingra,52.5
4/1/1982,Wingra,50
5/1/1982,Wingra,52
6/1/1982,Wingra,51
7/1/1982,Wingra,50.5
8/1/1982,Wingra,45
10/1/1982,Wingra,51.5
11/1/1982,Wingra,52
12/1/1982,Wingra,46
1/1/1983,Wingra,49
2/1/1983,Wingra,49
3/1/1983,Wingra,49
4/1/1983,Wingra,48
5/1/1983,Wingra,53.5
6/1/1983,Wingra,52
7/1/1983,Wingra,51
8/1/1983,Wingra,58
9/1/1983,Wingra,56
10/1/1983,Wingra,54.5
11/1/1983,Wingra,53.2
12/1/1983,Wingra,56
1/1/1984,Wingra,64
2/1/1984,Wingra,64.5
3/1/1984,Wingra,52
4/1/1984,Wingra,50
5/1/1984,Wingra,56
6/1/1984,Wingra,58
7/1/1984,Wingra,50
8/1/1984,Wingra,50
9/1/1984,Wingra,49
10/1/1984,Wingra,53
11/1/1984,Wingra,44.5
12/1/1984,Wingra,55
1/1/1985,Wingra,44
2/1/1985,Wingra,45
3/1/1985,Wingra,50
4/1/1985,Wingra,69
5/1/1985,Wingra,58
6/1/1985,Wingra,63
7/1/1985,Wingra,64
8/1/1985,Wingra,64
9/1/1985,Wingra,65
10/1/1985,Wingra,58
11/1/1985,Wingra,53
12/1/1985,Wingra,41
1/1/1986,Wingra,62
2/1/1986,Wingra,60
3/1/1986,Wingra,60
4/1/1986,Wingra,50
5/1/1986,Wingra,62
6/1/1986,Wingra,62
7/1/1986,Wingra,43
8/1/1986,Wingra,63.2
9/1/1986,Wingra,64
10/1/1986,Wingra,56
11/1/1986,Wingra,54.4
12/1/1986,Wingra,55
1/1/1987,Wingra,57
2/1/1987,Wingra,64
3/1/1987,Wingra,40
4/1/1987,Wingra,57.8
5/1/1987,Wingra,54.9
6/1/1987,Wingra,58
7/1/1987,Wingra,58.7
8/1/1987,Wingra,61
9/1/1987,Wingra,58.4
10/1/1987,Wingra,58
11/1/1987,Wingra,57
12/1/1987,Wingra,54.6
1/1/1988,Wingra,57.6
2/1/1988,Wingra,54.4
3/1/1988,Wingra,69.4
4/1/1988,Wingra,64.2
5/1/1988,Wingra,67.4
6/1/1988,Wingra,71.5
7/1/1988,Wingra,73.8
8/1/1988,Wingra,75.8
9/1/1988,Wingra,79
10/1/1988,Wingra,76.2
11/1/1988,Wingra,74.3
12/1/1988,Wingra,67.3
1/1/1989,Wingra,76.2
2/1/1989,Wingra,76.4
3/1/1989,Wingra,83.2
4/1/1989,Wingra,87
5/1/1989,Wingra,84
6/1/1989,Wingra,85
7/1/1989,Wingra,89
8/1/1989,Wingra,82.6
9/1/1989,Wingra,80.4
10/1/1989,Wingra,80.5
11/1/1989,Wingra,77
12/1/1989,Wingra,86.3
1/1/1990,Wingra,98.5
2/1/1990,Wingra,92.9
3/1/1990,Wingra,91.8
4/1/1990,Wingra,78.4
5/1/1990,Wingra,82.8
6/1/1990,Wingra,77.2
7/1/1990,Wingra,73.6
8/1/1990,Wingra,72.4
9/1/1990,Wingra,72.6
11/1/1990,Wingra,96.5
12/1/1990,Wingra,110.6
1/1/1991,Wingra,96.1
2/1/1991,Wingra,110.3
3/1/1991,Wingra,70.4
4/1/1991,Wingra,72.2
5/1/1991,Wingra,72
6/1/1991,Wingra,74.8
7/1/1991,Wingra,72.1
8/1/1991,Wingra,99.2
9/1/1991,Wingra,66.2
10/1/1991,Wingra,63.6
11/1/1991,Wingra,58.2
12/1/1991,Wingra,56.1
1/1/1992,Wingra,62.9
2/1/1992,Wingra,56.5
3/1/1992,Wingra,63.1
4/1/1992,Wingra,67.9
5/1/1992,Wingra,70.4
6/1/1992,Wingra,72.9
7/1/1992,Wingra,77.8
8/1/1992,Wingra,61.5
9/1/1992,Wingra,70.8
10/1/1992,Wingra,62.5
11/1/1992,Wingra,67.3
12/1/1992,Wingra,59.9
2/1/1993,Wingra,73.8
3/1/1993,Wingra,73.8
7/1/1993,Wingra,67.1
10/1/1993,Wingra,52.3
11/1/1993,Wingra,60
12/1/1993,Wingra,67.3
2/1/1994,Wingra,64.5
3/1/1994,Wingra,78.8
6/1/1994,Wingra,82
7/1/1994,Wingra,80.1
8/1/1994,Wingra,82.4
10/1/1994,Wingra,68.8
11/1/1994,Wingra,69.5
12/1/1994,Wingra,75.4
1/1/1995,Wingra,70.9
3/1/1995,Wingra,65.7
4/1/1995,Wingra,70.8
5/1/1995,Wingra,66.6
6/1/1995,Wingra,67.3
7/1/1995,Wingra,75
8/1/1995,Wingra,68.5
9/1/1995,Wingra,73.2
10/1/1995,Wingra,69.3
1/1/1996,Wingra,76.4
3/1/1996,Wingra,74.7
4/1/1996,Wingra,88.1
5/1/1996,Wingra,88.9
5/2/1996,Wingra,97.14
6/1/1996,Wingra,57.2
8/7/1996,Wingra,75.61
11/7/1996,Wingra,68.57
12/1/1996,Wingra,73.6
1/1/1997,Wingra,76.6
2/1/1997,Wingra,77.4
3/1/1997,Wingra,92.7
4/1/1997,Wingra,118.5
5/1/1997,Wingra,88.8
6/1/1997,Wingra,102
7/1/1997,Wingra,47.4
8/19/1997,Wingra,92.66
9/1/1997,Wingra,99.7
11/20/1997,Wingra,92.62
1/1/1998,Wingra,93.4
2/1/1998,Wingra,90.9
4/1/1998,Wingra,83.9
4/23/1998,Wingra,86.7
6/1/1998,Wingra,78
7/1/1998,Wingra,66.4
8/7/1998,Wingra,70.43
9/1/1998,Wingra,70.8
10/1/1998,Wingra,65
12/1/1998,Wingra,67.5
2/1/1999,Wingra,71.9
3/1/1999,Wingra,75.8
4/13/1999,Wingra,91.48
5/1/1999,Wingra,81.2
7/1/1999,Wingra,76.4
7/9/1999,Wingra,80.39
8/1/1999,Wingra,76.5
9/1/1999,Wingra,79.8
10/1/1999,Wingra,73.4
10/25/1999,Wingra,79.26
12/1/1999,Wingra,75
1/1/2000,Wingra,81.3
2/1/2000,Wingra,64.7
4/1/2000,Wingra,81.4
4/12/2000,Wingra,86.68
5/1/2000,Wingra,77
6/1/2000,Wingra,59.4
7/1/2000,Wingra,59.9
7/4/2000,Wingra,61.1
8/1/2000,Wingra,60.4
9/1/2000,Wingra,60.6
10/1/2000,Wingra,64.2
10/23/2000,Wingra,63.77
11/1/2000,Wingra,67.2
1/1/2001,Wingra,74.3
1/8/2001,Wingra,67.48
2/1/2001,Wingra,81
3/1/2001,Wingra,83.7
4/1/2001,Wingra,94
4/23/2001,Wingra,94.14
5/1/2001,Wingra,95.1
6/1/2001,Wingra,92.1
7/1/2001,Wingra,90.5
8/1/2001,Wingra,88.87
10/1/2001,Wingra,68.6
10/25/2001,Wingra,60.64
11/1/2001,Wingra,69.2
12/1/2001,Wingra,69.7
1/2/2002,Wingra,75.7
2/2/2002,Wingra,68.5
3/2/2002,Wingra,80.8
4/2/2002,Wingra,81.8
4/22/2002,Wingra,77.65
5/2/2002,Wingra,82.3
6/2/2002,Wingra,74.6
7/2/2002,Wingra,78.2
7/18/2002,Wingra,82.05
8/2/2002,Wingra,84.2
9/2/2002,Wingra,84.2
10/2/2002,Wingra,82.8
10/24/2002,Wingra,82.35
11/2/2002,Wingra,41.9
12/2/2002,Wingra,90.7
1/3/2003,Wingra,85.7
1/28/2003,Wingra,96.7
2/3/2003,Wingra,92.2
3/3/2003,Wingra,81.2
4/3/2003,Wingra,89.3
4/17/2003,Wingra,91.61
5/3/2003,Wingra,90.2
6/3/2003,Wingra,94.2
7/3/2003,Wingra,89.3
8/3/2003,Wingra,94.9
8/7/2003,Wingra,93.5
9/3/2003,Wingra,96.6
10/3/2003,Wingra,88.3
11/3/2003,Wingra,77.5
11/6/2003,Wingra,83.61
12/3/2003,Wingra,79.2
1/4/2004,Wingra,84.7
2/4/2004,Wingra,92.8
2/9/2004,Wingra,88.24
3/4/2004,Wingra,90.4
4/4/2004,Wingra,93
4/15/2004,Wingra,92.18
5/4/2004,Wingra,94.1
6/4/2004,Wingra,68.3
7/4/2004,Wingra,66.3
8/4/2004,Wingra,67.8
8/4/2004,Wingra,66.03
9/4/2004,Wingra,68.4
10/4/2004,Wingra,69.3
11/4/2004,Wingra,70.9
11/8/2004,Wingra,73.64
12/4/2004,Wingra,69.4
1/5/2005,Wingra,81.7
2/5/2005,Wingra,90
2/9/2005,Wingra,104.79
3/5/2005,Wingra,98.6
4/5/2005,Wingra,106
4/11/2005,Wingra,110.48
5/5/2005,Wingra,111
6/5/2005,Wingra,107
7/5/2005,Wingra,107
8/4/2005,Wingra,113.24
8/5/2005,Wingra,111
9/5/2005,Wingra,111
10/5/2005,Wingra,112
10/26/2005,Wingra,112.43
11/5/2005,Wingra,108
12/5/2005,Wingra,115
1/6/2006,Wingra,108
2/6/2006,Wingra,105
2/22/2006,Wingra,112.57
3/6/2006,Wingra,104
4/19/2006,Wingra,105.84
5/6/2006,Wingra,88.7
6/6/2006,Wingra,90
7/6/2006,Wingra,92
8/6/2006,Wingra,85.5
8/9/2006,Wingra,85.42
9/6/2006,Wingra,71.5
10/6/2006,Wingra,72.3
11/2/2006,Wingra,76.15
11/6/2006,Wingra,73
12/6/2006,Wingra,73
1/7/2007,Wingra,77.3
2/7/2007,Wingra,83.6
3/7/2007,Wingra,73
3/8/2007,Wingra,76.93
4/7/2007,Wingra,83.9
4/18/2007,Wingra,84.75
6/7/2007,Wingra,88.5
7/7/2007,Wingra,92.1
8/8/2007,Wingra,90.41
9/7/2007,Wingra,62.5
10/7/2007,Wingra,68.8
10/31/2007,Wingra,69.99
11/7/2007,Wingra,74.1
1/8/2008,Wingra,74.6
2/8/2008,Wingra,89.1
2/18/2008,Wingra,91.87
3/8/2008,Wingra,94.9
4/8/2008,Wingra,81.7
4/15/2008,Wingra,101.32
5/8/2008,Wingra,99.3
6/8/2008,Wingra,80.4
7/8/2008,Wingra,76.1
8/6/2008,Wingra,78.25
8/8/2008,Wingra,80.3
9/8/2008,Wingra,85.1
10/8/2008,Wingra,76.9
11/3/2008,Wingra,79.93
11/8/2008,Wingra,89.1
12/8/2008,Wingra,85.5
1/9/2009,Wingra,102
2/9/2009,Wingra,57.3
2/16/2009,Wingra,19.89
3/9/2009,Wingra,87.6
4/9/2009,Wingra,112
4/13/2009,Wingra,106.88
5/9/2009,Wingra,106
6/9/2009,Wingra,94.1
8/3/2009,Wingra,99.88
11/4/2009,Wingra,26.57
11/9/2009,Wingra,88.6
12/9/2009,Wingra,90.2
1/10/2010,Wingra,87.6
2/5/2010,Wingra,110.23
2/10/2010,Wingra,108
3/10/2010,Wingra,57.2
4/10/2010,Wingra,91.3
4/14/2010,Wingra,96.82
5/10/2010,Wingra,99.2
6/10/2010,Wingra,85.9
7/10/2010,Wingra,82.5
8/5/2010,Wingra,73.88
8/10/2010,Wingra,72.8
9/10/2010,Wingra,66.7
10/10/2010,Wingra,67.1
11/10/2010,Wingra,71.5
11/10/2010,Wingra,75.33
12/10/2010,Wingra,76.7
1/11/2011,Wingra,91.6
1/27/2011,Wingra,94.02
2/11/2011,Wingra,87.7
3/11/2011,Wingra,93
4/11/2011,Wingra,108
5/11/2011,Wingra,109
5/18/2011,Wingra,116.07
6/11/2011,Wingra,111
7/11/2011,Wingra,117
8/10/2011,Wingra,120.04
8/11/2011,Wingra,116
9/11/2011,Wingra,115
10/11/2011,Wingra,110
11/1/2011,Wingra,114.25
11/11/2011,Wingra,102
12/11/2011,Wingra,132
1/12/2012,Wingra,106
2/12/2012,Wingra,106
2/16/2012,Wingra,114.75
3/12/2012,Wingra,101
4/12/2012,Wingra,118
4/18/2012,Wingra,118.3
5/12/2012,Wingra,115
8/8/2012,Wingra,123.02
8/12/2012,Wingra,127
9/12/2012,Wingra,125
10/12/2012,Wingra,116
10/30/2012,Wingra,116.25
11/12/2012,Wingra,116
12/12/2012,Wingra,107
2/13/2013,Wingra,116
2/25/2013,Wingra,135.03
3/13/2013,Wingra,123
4/30/2013,Wingra,73.19
5/13/2013,Wingra,124
6/13/2013,Wingra,119
7/13/2013,Wingra,97.5
8/8/2013,Wingra,95.25
8/13/2013,Wingra,97.7
9/13/2013,Wingra,103
10/13/2013,Wingra,106
10/31/2013,Wingra,102.13
1/14/2014,Wingra,117
2/14/2014,Wingra,117
3/14/2014,Wingra,111
4/14/2014,Wingra,119
5/2/2014,Wingra,123.75
6/14/2014,Wingra,107
7/14/2014,Wingra,111
8/6/2014,Wingra,103.82
8/14/2014,Wingra,108
9/14/2014,Wingra,108
10/14/2014,Wingra,98.3
11/3/2014,Wingra,100
12/13/2014,Wingra,106
12/14/2014,Wingra,109
1/15/2015,Wingra,103
1/28/2015,Wingra,115.16
2/15/2015,Wingra,108
3/15/2015,Wingra,102
4/15/2015,Wingra,102
4/17/2015,Wingra,111.63
5/15/2015,Wingra,105
6/15/2015,Wingra,108
7/15/2015,Wingra,105
8/5/2015,Wingra,106.49
8/15/2015,Wingra,103
9/15/2015,Wingra,94.5
10/15/2015,Wingra,90.8
11/9/2015,Wingra,94.33
2/5/2016,Wingra,88.6
2/16/2016,Wingra,90
3/16/2016,Wingra,99.7
4/14/2016,Wingra,106.96
4/16/2016,Wingra,108
6/16/2016,Wingra,104
7/16/2016,Wingra,98.8
8/3/2016,Wingra,77.46
8/16/2016,Wingra,94.2
9/16/2016,Wingra,80.2
10/16/2016,Wingra,80.7
11/1/2016,Wingra,75.74
12/16/2016,Wingra,69.3
1/17/2017,Wingra,86.1
2/16/2017,Wingra,106.4
3/17/2017,Wingra,131
4/17/2017,Wingra,137
4/18/2017,Wingra,148.12
5/17/2017,Wingra,135
6/17/2017,Wingra,130
7/17/2017,Wingra,89.7
8/9/2017,Wingra,81
8/17/2017,Wingra,79.8
10/17/2017,Wingra,93.5
10/31/2017,Wingra,95
12/17/2017,Wingra,99.7
1/18/2018,Wingra,97.5
2/18/2018,Wingra,109
2/26/2018,Wingra,68.46
4/18/2018,Wingra,110
4/26/2018,Wingra,121.94
5/18/2018,Wingra,108
6/18/2018,Wingra,76.8
7/18/2018,Wingra,84.5
8/9/2018,Wingra,90.66
8/18/2018,Wingra,63.9
9/18/2018,Wingra,55.5
11/1/2018,Wingra,71.62
11/18/2018,Wingra,74.8
12/18/2018,Wingra,78.7
2/19/2019,Wingra,106
3/1/2019,Wingra,108.8
4/18/2019,Wingra,141.49
4/19/2019,Wingra,135
6/19/2019,Wingra,126
8/7/2019,Wingra,117.06
8/19/2019,Wingra,112
9/19/2019,Wingra,99.7
10/19/2019,Wingra,77.6
10/30/2019,Wingra,86.77
12/19/2019,Wingra,95.7
2/24/2021,Wingra,127.88
4/15/2021,Wingra,125.9
5/12/2021,Wingra,128.09
8/11/2021,Wingra,118.32
11/10/2021,Wingra,117.62
2/9/2022,Wingra,160.62
5/18/2022,Wingra,138.33
8/12/2022,Wingra,117.9
11/3/2022,Wingra,112.3
2/2/2023,Wingra,124
4/10/2023,Wingra,148
7/3/2023,Wingra,156.1
8/30/2023,Wingra,141.3
10/2/2023,Wingra,134.4
3/12/2024,Wingra,139.9
4/10/2024,Wingra,126.1
6/27/2024,Wingra,105.1
7/17/2024,Wingra,90.8
8/28/2024,Wingra,90.2
9/18/2024,Wingra,93
10/29/2024,Wingra,100
